variant_id,gene,chrom,pos,mps_score,tsco_score,prps_score,composite_lynch_score,tier
MLH1_NM_000249.4(MLH1):c.793C>T_(p.Arg265Cys),MLH1,chr3,37017508,0.82,0.429,0.268,0.545,Tier 3 - Orta Aday
PMS2_NM_000535.7(PMS2):c.137G>T_(p.Ser46Ile),PMS2,chr7,6005918,0.577,0.652,0.328,0.541,Tier 3 - Orta Aday
MSH2_NM_000251.3(MSH2):c.1865C>T_(p.Pro622Leu),MSH2,chr2,47475130,0.68,0.084,0.902,0.527,Tier 3 - Orta Aday
EPCAM_NM_002354.3(EPCAM):c.197G>A_(p.Cys66Tyr),EPCAM,chr2,47373820,0.752,0.371,0.376,0.525,Tier 3 - Orta Aday
MLH1_NM_000249.4(MLH1):c.131C>T_(p.Ser44Phe),MLH1,chr3,36996633,0.684,0.397,0.37,0.505,Tier 3 - Orta Aday
PMS2_NM_000535.7(PMS2):c.219T>A_(p.Cys73Ter),PMS2,chr7,6004003,0.275,0.592,0.675,0.486,Tier 3 - Orta Aday
MLH1_NM_000249.4(MLH1):c.1942C>T_(p.Pro648Ser),MLH1,chr3,37048562,0.755,0.497,0.0,0.476,Tier 3 - Orta Aday
MLH1_NM_000249.4(MLH1):c.2041G>A_(p.Ala681Thr),MLH1,chr3,37048955,0.716,0.484,0.042,0.466,Tier 3 - Orta Aday
PMS2_NM_000535.7(PMS2):c.1221del_(p.Thr408fs),PMS2,chr7,5987543,0.417,0.513,0.48,0.466,Tier 3 - Orta Aday
MSH2_NM_000251.3(MSH2):c.269_290dup_(p.Tyr98fs),MSH2,chr2,47408456,0.376,0.463,0.518,0.442,Tier 3 - Orta Aday
EPCAM_NR_030286.1(MIR559):n.278_23134del,EPCAM,chr2,-1,0.458,0.28,0.616,0.435,Tier 3 - Orta Aday
MSH2_NM_000251.3(MSH2):c.1571G>C_(p.Arg524Pro),MSH2,chr2,47466718,0.601,0.384,0.231,0.433,Tier 3 - Orta Aday
MLH1_NM_000249.4(MLH1):c.200G>A_(p.Gly67Glu),MLH1,chr3,36996702,0.538,0.344,0.277,0.405,Tier 3 - Orta Aday
MLH1_NM_000249.4(MLH1):c.199G>T_(p.Gly67Trp),MLH1,chr3,36996701,0.581,0.473,0.0,0.398,Tier 4 - Zayıf Aday
MSH6_NM_000179.3(MSH6):c.651dup_(p.Lys218Ter),MSH6,chr2,47798633,0.395,0.419,0.363,0.395,Tier 4 - Zayıf Aday
MLH1_NM_000249.4(MLH1):c.1381A>T_(p.Lys461Ter),MLH1,chr3,37025979,0.396,0.505,0.236,0.394,Tier 4 - Zayıf Aday
MLH1_NM_000249.4(MLH1):c.1865T>A_(p.Leu622His),MLH1,chr3,37047652,0.681,0.34,0.0,0.391,Tier 4 - Zayıf Aday
MLH1_NM_000249.4(MLH1):c.350C>T_(p.Thr117Met),MLH1,chr3,37004444,0.608,0.228,0.21,0.376,Tier 4 - Zayıf Aday
MSH6_NM_000179.3(MSH6):c.3633dup_(p.Val1212fs),MSH6,chr2,47805692,0.449,0.407,0.198,0.372,Tier 4 - Zayıf Aday
MSH6_NM_000179.3(MSH6):c.1602del_(p.Tyr535fs),MSH6,chr2,47799584,0.346,0.569,0.125,0.369,Tier 4 - Zayıf Aday
EPCAM_NM_002354.3(EPCAM):c.491+1G>A,EPCAM,chr2,47375300,0.675,0.257,0.0,0.36,Tier 4 - Zayıf Aday
PMS2_NM_000535.7(PMS2):c.1882C>T_(p.Arg628Ter),PMS2,chr7,5986883,0.421,0.188,0.49,0.357,Tier 4 - Zayıf Aday
MSH2_NM_000251.3(MSH2):c.1906G>C_(p.Ala636Pro),MSH2,chr2,47475171,0.542,0.279,0.142,0.35,Tier 4 - Zayıf Aday
PMS2_NM_000535.7(PMS2):c.846del_(p.Ser283fs),PMS2,chr7,5995590,0.328,0.58,0.0,0.334,Tier 4 - Zayıf Aday
MSH2_NM_000251.3(MSH2):c.1915C>T_(p.His639Tyr),MSH2,chr2,47475180,0.584,0.193,0.123,0.332,Tier 4 - Zayıf Aday
MLH1_NM_000249.4(MLH1):c.755C>A_(p.Ser252Ter),MLH1,chr3,37014509,0.349,0.324,0.312,0.331,Tier 4 - Zayıf Aday
MSH6_NM_000179.3(MSH6):c.1574_3439-428dup,MSH6,chr2,47799555,0.373,0.501,0.0,0.325,Tier 4 - Zayıf Aday
MLH1_NM_000249.4(MLH1):c.104_105delinsAC_(p.Met35Asn),MLH1,chr3,36993651,0.437,0.397,0.047,0.325,Tier 4 - Zayıf Aday
MLH1_NM_000249.4(MLH1):c.454-1G>A,MLH1,chr3,37008813,0.513,0.34,0.0,0.324,Tier 4 - Zayıf Aday
EPCAM_NC_000002.12:g.47383704_47388612del,EPCAM,chr2,47383697,0.441,0.409,0.0,0.32,Tier 4 - Zayıf Aday
MLH1_NM_000249.4(MLH1):c.986A>C_(p.His329Pro),MLH1,chr3,37020411,0.585,0.224,0.0,0.312,Tier 4 - Zayıf Aday
MLH1_NM_000249.4(MLH1):c.676C>T_(p.Arg226Ter),MLH1,chr3,37012098,0.397,0.41,0.038,0.312,Tier 4 - Zayıf Aday
PMS2_NM_000535.7(PMS2):c.1731_1732delinsAGT_(p.Arg578fs),PMS2,chr7,5987033,0.374,0.456,0.0,0.309,Tier 4 - Zayıf Aday
PMS2_NM_000535.7(PMS2):c.2404C>T_(p.Arg802Ter),PMS2,chr7,5977629,0.236,0.552,0.0,0.288,Tier 4 - Zayıf Aday
MLH1_NM_000249.4(MLH1):c.1846AAG[2]_(p.Lys618del),MLH1,chr3,37047631,0.305,0.265,0.288,0.287,Tier 4 - Zayıf Aday
MSH2_NM_000251.3(MSH2):c.1705_1706del_(p.Glu569fs),MSH2,chr2,47471006,0.407,0.099,0.35,0.285,Tier 4 - Zayıf Aday
MSH2_NM_000251.3(MSH2):c.1216C>T_(p.Arg406Ter),MSH2,chr2,47429881,0.398,0.104,0.358,0.285,Tier 4 - Zayıf Aday
MSH2_NM_000251.3(MSH2):c.1801C>T_(p.Gln601Ter),MSH2,chr2,47475066,0.392,0.201,0.225,0.283,Tier 4 - Zayıf Aday
MLH1_NM_000249.4(MLH1):c.1667+1_1667+8delinsATTT,MLH1,chr3,37040295,0.29,0.211,0.339,0.275,Tier 4 - Zayıf Aday
MSH2_NM_000251.3(MSH2):c.1786_1788del_(p.Asn596del),MSH2,chr2,47475050,0.312,0.188,0.303,0.266,Tier 4 - Zayıf Aday
MSH2_NM_000251.2(MSH2):c.1077-66_1146del,MSH2,chr2,47429672,0.444,0.168,0.0,0.236,Tier 4 - Zayıf Aday
MSH2_NM_000251.3(MSH2):c.454del_(p.Met152fs),MSH2,chr2,47410177,0.274,0.275,0.121,0.236,Tier 4 - Zayıf Aday
MSH2_NM_000251.3(MSH2):c.1030C>T_(p.Gln344Ter),MSH2,chr2,47416383,0.293,0.139,0.182,0.211,Tier 4 - Zayıf Aday
MLH1_NM_000249.4(MLH1):c.806C>G_(p.Ser269Ter),MLH1,chr3,37017521,0.259,0.161,0.196,0.209,Tier 4 - Zayıf Aday
MLH1_NM_000249.4(MLH1):c.298C>T_(p.Arg100Ter),MLH1,chr3,37001045,0.259,0.283,0.0,0.203,Tier 4 - Zayıf Aday
MLH1_NC_000003.11:g.37089454_37101079del,MLH1,chr3,-1,0.488,0.005,0.0,0.197,Tier 4 - Zayıf Aday
PMS2_NM_000535.7(PMS2):c.400C>T_(p.Arg134Ter),PMS2,chr7,6002590,0.409,0.09,0.0,0.195,Tier 4 - Zayıf Aday
MSH2_NM_000251.3(MSH2):c.2113del_(p.Val705fs),MSH2,chr2,47476473,0.267,0.205,0.0,0.179,Tier 4 - Zayıf Aday
PMS2_NM_000535.7(PMS2):c.1021del_(p.Arg341fs),PMS2,chr7,5989922,0.284,0.174,0.0,0.174,Tier 4 - Zayıf Aday
EPCAM_NM_002354.3(EPCAM):c.499dup_(p.Gln167fs),EPCAM,chr2,47377020,0.271,0.074,0.0,0.134,Tier 4 - Zayıf Aday
