gene,hgvs_c,chromosome,position,local_snv_density,local_indel_density,rlt
MSH2,NM_000251.3(MSH2):c.2545del (p.Leu849fs),2,47480780,1.6666666666666667,0,0.4166666666666667
MSH2,NM_000251.3(MSH2):c.1520del (p.Pro507fs),2,47466665,1.6666666666666667,0,0.4166666666666667
MSH2,NM_000251.3(MSH2):c.2018del (p.Gly673fs),2,47476377,1.6666666666666667,0,0.4166666666666667
MSH6,NM_000179.3(MSH6):c.2328del (p.Gln776fs),2,47800310,1.25,0,0.3125
MSH6,NM_000179.3(MSH6):c.2327_2336del (p.Gln776fs),2,47800310,1.25,0,0.3125
MSH2,NM_000251.3(MSH2):c.738del (p.Gly247fs),2,47412504,2.0,0,0.5
MSH6,NM_000179.3(MSH6):c.3622_3623insGAGAG (p.Ser1208Ter),2,47805683,1.25,0,0.3125
MSH6,NM_000179.3(MSH6):c.2933del (p.Gln978fs),2,47800916,1.25,0,0.3125
MLH1,NM_000249.4(MLH1):c.1609del (p.Gln537fs),3,37040236,1.3333333333333333,0,0.3333333333333333
PMS2,NM_000535.7(PMS2):c.741del (p.Ser248fs),7,5997388,1.375,0,0.34375
