gene,hgvs_c,trcss_final,okseq_fd,tx_dir
MSH2,NM_000251.3(MSH2):c.2545del (p.Leu849fs),0.5965187581478442,-0.1930375162956884,1.0
MSH2,NM_000251.3(MSH2):c.1520del (p.Pro507fs),0.5661927112092767,-0.13238542241855342,1.0
MSH2,NM_000251.3(MSH2):c.2018del (p.Gly673fs),0.5827313878455167,-0.16546277569103343,1.0
MSH6,NM_000179.3(MSH6):c.2328del (p.Gln776fs),0.7024149034038638,-0.4048298068077277,1.0
MSH6,NM_000179.3(MSH6):c.2327_2336del (p.Gln776fs),0.7024149034038638,-0.4048298068077277,1.0
MSH2,NM_000251.3(MSH2):c.738del (p.Gly247fs),0.43694102648303046,0.1261179470339391,1.0
MSH6,NM_000179.3(MSH6):c.3622_3623insGAGAG (p.Ser1208Ter),0.7172449276334921,-0.43448985526698425,1.0
MSH6,NM_000179.3(MSH6):c.2933del (p.Gln978fs),0.7024149034038638,-0.4048298068077277,1.0
MLH1,NM_000249.4(MLH1):c.1609del (p.Gln537fs),0.8782314828766387,0.7564629657532772,-1.0
PMS2,NM_000535.7(PMS2):c.741del (p.Ser248fs),0.6531971902382504,0.30639438047650075,-1.0
