variant_label,vips,chromatin,trcss,rlt,pam
MSH2 c.738del (p.Gly247fs),1.0,0.7,0.5630589735169695,0.5,1.0
MSH2 c.1520del (p.Pro507fs),1.0,0.7,0.4338072887907233,0.5833333333333333,1.0
MSH2 c.2018del (p.Gly673fs),1.0,0.7,0.4172686121544833,0.5833333333333333,1.0
MSH2 c.2545del (p.Leu849fs),1.0,0.7,0.40348124185215584,0.5833333333333333,1.0
PMS2 c.741del (p.Ser248fs),1.0,0.7,0.3468028097617496,0.65625,1.0
MLH1 c.1609del (p.Gln537fs),1.0,0.85,0.12176851712336134,0.6666666666666667,1.0
MSH6 c.2327_2336del (p.Gln776fs),1.0,0.7,0.2975850965961362,0.6875,1.0
MSH6 c.2328del (p.Gln776fs),1.0,0.7,0.2975850965961362,0.6875,1.0
MSH6 c.2933del (p.Gln978fs),1.0,0.7,0.2975850965961362,0.6875,1.0
MSH6 c.3622_3623insGAGAG (p.Ser1208Ter),1.0,0.7,0.2827550723665079,0.6875,1.0
