variant_label,MSH2 c.738del (p.Gly247fs),MSH2 c.1520del (p.Pro507fs),MSH2 c.2018del (p.Gly673fs),MSH2 c.2545del (p.Leu849fs),PMS2 c.741del (p.Ser248fs),MLH1 c.1609del (p.Gln537fs),MSH6 c.2327_2336del (p.Gln776fs),MSH6 c.2328del (p.Gln776fs),MSH6 c.2933del (p.Gln978fs),MSH6 c.3622_3623insGAGAG (p.Ser1208Ter)
MSH2 c.738del (p.Gly247fs),0.0,0.8489795918367347,0.8979591836734694,0.8979591836734694,0.8122448979591836,0.7183673469387755,0.8122448979591836,0.8122448979591836,0.8122448979591836,0.8122448979591836
MSH2 c.1520del (p.Pro507fs),0.1510204081632653,0.0,1.0,1.0,0.7224489795918367,0.6571428571428571,0.7591836734693878,0.7591836734693878,0.7591836734693878,0.8122448979591836
MSH2 c.2018del (p.Gly673fs),0.10204081632653061,0.0,0.0,1.0,0.5755102040816327,0.6163265306122448,0.7224489795918367,0.7224489795918367,0.7224489795918367,0.7591836734693878
MSH2 c.2545del (p.Leu849fs),0.10204081632653061,0.0,0.0,0.0,0.5265306122448979,0.563265306122449,0.7224489795918367,0.7224489795918367,0.7224489795918367,0.7224489795918367
PMS2 c.741del (p.Ser248fs),0.18775510204081633,0.27755102040816326,0.42448979591836733,0.47346938775510206,0.0,0.5877551020408164,0.8489795918367347,0.8489795918367347,0.8489795918367347,0.9469387755102041
MLH1 c.1609del (p.Gln537fs),0.2816326530612245,0.34285714285714286,0.3836734693877551,0.43673469387755104,0.4122448979591837,0.0,0.47346938775510206,0.47346938775510206,0.47346938775510206,0.5755102040816327
MSH6 c.2327_2336del (p.Gln776fs),0.18775510204081633,0.24081632653061225,0.27755102040816326,0.27755102040816326,0.1510204081632653,0.5265306122448979,0.0,0.0,0.0,1.0
MSH6 c.2328del (p.Gln776fs),0.18775510204081633,0.24081632653061225,0.27755102040816326,0.27755102040816326,0.1510204081632653,0.5265306122448979,0.0,0.0,0.0,1.0
MSH6 c.2933del (p.Gln978fs),0.18775510204081633,0.24081632653061225,0.27755102040816326,0.27755102040816326,0.1510204081632653,0.5265306122448979,0.0,0.0,0.0,1.0
MSH6 c.3622_3623insGAGAG (p.Ser1208Ter),0.18775510204081633,0.18775510204081633,0.24081632653061225,0.27755102040816326,0.053061224489795916,0.42448979591836733,0.0,0.0,0.0,0.0
