split,model_type,r2_baseline,r2_full,r2_delta,mae_baseline,mae_full,mae_delta,rmse_baseline,rmse_full,rmse_delta,spearman_baseline,spearman_full,spearman_delta,ndcg20_baseline,ndcg20_full,ndcg20_delta,prec10_baseline,prec10_full,prec10_delta
0,ridge,0.14038617970965672,0.1291951152863725,-0.011191064423284214,6.205946970628547,5.92684916710224,-0.279097803526307,7.286384341211414,7.333660637867186,0.04727629665577204,0.5018315018315018,0.3815628815628816,-0.12026862026862023,0.9846983139062278,0.6511279422069977,-0.3335703716992301,0.5,0.5,0.0
0,ols,0.11421400433470019,0.09204992105680487,-0.02216408327789532,6.341650962338114,6.089721725419744,-0.2519292369183699,7.396474867880487,7.488440206487729,0.09196533860724188,0.4902319902319902,0.37301587301587297,-0.11721611721611724,0.9846983136246077,0.6451518321754195,-0.3395464814491882,0.5,0.5,0.0
1,ridge,0.050571906120198795,0.25507980849913914,0.20450790237894034,7.338542684128082,6.045219840685103,-1.2933228434429784,8.446335300265023,7.481559803702117,-0.9647754965629058,0.6245967741935484,0.5447580645161291,-0.07983870967741935,0.43371544503444454,0.43125288295601416,-0.0024625620784303748,0.6,0.4,-0.19999999999999996
1,ols,0.03651298456346119,0.25606658124135695,0.21955359667789576,7.398655025170713,6.002251534042115,-1.3964034911285985,8.508641228740814,7.476602866124282,-1.0320383626165315,0.6245967741935484,0.5508064516129032,-0.07379032258064522,0.43371544503444454,0.38948516442547754,-0.044230280608967,0.6,0.4,-0.19999999999999996
2,ridge,0.27512511326764433,0.32901855508129163,0.0538934418136473,7.566207349959914,6.353297079845804,-1.2129102701141097,8.933734679365111,8.595215674339128,-0.338519005025983,0.6205533596837945,0.5879446640316206,-0.03260869565217395,0.9999999681234147,0.9999999611550151,-6.968399635098876e-09,0.4,0.4,0.0
2,ols,0.2690400019369741,0.31936824694679233,0.05032824500981825,7.683104134234072,6.51964676866469,-1.163457365569382,8.971154348351655,8.656804831614608,-0.3143495167370478,0.6205533596837945,0.5909090909090909,-0.029644268774703608,0.9999999681234147,0.9999999611550151,-6.968399635098876e-09,0.4,0.4,0.0
3,ridge,0.39004955367918126,0.32316593610886135,-0.06688361757031991,6.526702452412723,6.513949522014351,-0.012752930398371554,7.889864915319053,8.311193523010848,0.4213286076917955,0.6545454545454545,0.36623376623376624,-0.2883116883116883,0.9999961319723122,0.9999946419691338,-1.490003178394872e-06,0.5,0.5,0.0
3,ols,0.3873027577773448,0.3095976854702266,-0.0777050723071182,6.529027736874154,6.598140511074456,0.0691127742003026,7.907610213127017,8.3940859192628,0.4864757061357823,0.6545454545454545,0.36623376623376624,-0.2883116883116883,0.9999961319723122,0.9999946417886371,-1.4901836751235464e-06,0.5,0.4,-0.09999999999999998
4,ridge,-0.023602112085213456,0.04994927303315455,0.073551385118368,7.642937707428016,6.826660212775062,-0.8162774946529536,8.650447437336933,8.33386348700823,-0.31658395032870246,0.66,0.5192307692307693,-0.14076923076923076,0.3552568234936822,0.32096375290213985,-0.03429307059154235,0.4,0.4,0.0
4,ols,-0.06191439200863624,0.0036370905352316463,0.06555148254386789,7.794156125809136,7.043436708401409,-0.7507194174077263,8.810848592552448,8.53457228310823,-0.2762763094442189,0.66,0.5392307692307693,-0.12076923076923074,0.3552568234936822,0.3219782006275648,-0.03327862286611738,0.4,0.5,0.09999999999999998
5,ridge,-0.4470490682187911,-0.36756966213823117,0.07947940608055992,5.9461728907289135,5.102714721079727,-0.8434581696491863,7.302065081349706,7.098699618426266,-0.2033654629234407,0.6948196374416904,0.4612754384393899,-0.2335441990023005,0.5311807428627313,0.412970655310278,-0.11821008755245332,0.6,0.4,-0.19999999999999996
5,ols,-0.5033994977562395,-0.4200434174780725,0.08335608027816699,6.059697552293561,5.224804983749611,-0.8348925685439497,7.442884349925609,7.233606533188109,-0.2092778167375,0.6948196374416904,0.4612754384393899,-0.2335441990023005,0.5311807428627313,0.412970655310278,-0.11821008755245332,0.6,0.4,-0.19999999999999996
6,ridge,0.38438545660499923,0.2868608323109738,-0.09752462429402542,8.093297568413037,7.640001556957437,-0.45329601145559995,10.014494777415706,10.778585070102505,0.7640902926867987,0.6286764705882354,0.44685828877005357,-0.18181818181818182,0.9997741432984989,0.9997102488092581,-6.38944892408233e-05,0.5,0.3,-0.2
6,ols,0.3850860484515355,0.28018022167318646,-0.10490582677834903,8.171004535802837,7.756397394275103,-0.4146071415277337,10.008794724730826,10.828953693051199,0.8201589683203725,0.6260026737967915,0.44217914438502676,-0.18382352941176477,0.9997741432984988,0.9997097783386699,-6.436495982886647e-05,0.5,0.3,-0.2
7,ridge,0.24752392287991465,0.27924456086137484,0.03172063798146019,6.342767552528013,5.760454191812129,-0.5823133607158839,7.339988725598924,7.183614334726033,-0.15637439087289096,0.5111111111111111,0.4591452991452991,-0.05196581196581196,0.9999999999934838,0.9999999987581597,-1.2353240652629438e-09,0.4,0.4,0.0
7,ols,0.21053751222901274,0.24879883367856837,0.03826132144955563,6.573392096802729,5.957486816597678,-0.6159052802050509,7.518215907535553,7.333768064073429,-0.18444784346212373,0.5111111111111111,0.4523076923076923,-0.05880341880341877,0.9999999999934838,0.9999999987581105,-1.2353732481429347e-09,0.4,0.4,0.0
8,ridge,-1.2657867091400798,-0.5742861795340082,0.6915005296060717,9.708047965847182,7.690988185530777,-2.017059780316405,11.32578301781974,9.440621066477036,-1.8851619513427043,0.6886446886446885,0.6862026862026862,-0.0024420024420023223,0.43082443343642457,0.38714590685424816,-0.043678526582176413,0.6,0.5,-0.09999999999999998
8,ols,-1.3102564939780743,-0.6217383851553704,0.6885181088227039,9.77880104359142,7.744012571257364,-2.034788472334056,11.436386506002718,9.581844590376344,-1.854541915626374,0.6886446886446885,0.6862026862026862,-0.0024420024420023223,0.43082443343642457,0.38714590685424816,-0.043678526582176413,0.6,0.5,-0.09999999999999998
9,ridge,-0.013089118873792938,0.08073205478039891,0.09382117365419185,8.356547306497767,7.585625932692665,-0.770921373805102,10.576748859408099,10.075101387292488,-0.5016474721156108,0.5234782608695652,0.5278260869565217,0.004347826086956497,0.6309268748194604,0.999986740531872,0.36905986571241156,0.4,0.4,0.0
9,ols,-0.036147219260612706,0.040325493010882396,0.0764727122714951,8.462704830523585,7.787875753957775,-0.6748290765658096,10.696436069583411,10.294146535021794,-0.40228953456161776,0.5234782608695652,0.5278260869565217,0.004347826086956497,0.6309268748194604,0.999986740531872,0.36905986571241156,0.4,0.4,0.0
10,ridge,0.48622483552450224,0.5766157210682734,0.09039088554377117,7.561697310865959,6.584177225990222,-0.9775200848757377,9.329417618148696,8.4690626291846,-0.8603549889640956,0.7619047619047619,0.7735042735042735,0.01159951159951167,0.5056055698307621,0.5056051053336205,-4.644971416389865e-07,0.6,0.6,0.0
10,ols,0.4957055545629655,0.5877896178882436,0.09208406332527808,7.551957768042405,6.492288219078085,-1.0596695489643198,9.242938703499252,8.356558226146838,-0.8863804773524144,0.7619047619047619,0.7728937728937728,0.01098901098901095,0.5056055698307621,0.5056051053336205,-4.644971416389865e-07,0.6,0.6,0.0
11,ridge,-0.3254638188996908,-0.037072944009020725,0.28839087489067006,7.602518923097864,6.45097149776963,-1.1515474253282338,8.75862401255555,7.747411018321684,-1.0112129942338663,0.5911012235817574,0.4282536151279199,-0.16284760845383756,0.4313179464171913,0.43136122540828725,4.3278991095963004e-05,0.6,0.5,-0.09999999999999998
11,ols,-0.3530802353307998,-0.048094167513816455,0.30498606781698334,7.699335093567613,6.438099944721185,-1.2612351488464277,8.849397839227588,7.78846902302999,-1.060928816197599,0.5911012235817574,0.4255839822024471,-0.16551724137931034,0.4313179464171913,0.4313110629236341,-6.883493557208187e-06,0.6,0.5,-0.09999999999999998
12,ridge,-0.25150713616446163,0.0984898627627554,0.34999699892721703,6.961712295110625,5.573894720490741,-1.3878175746198842,7.84860228224349,6.66133023750585,-1.1872720447376404,0.6691742275951712,0.6305351434264159,-0.03863908416875528,0.5561660422625863,0.6178660898669369,0.06170004760435066,0.5,0.4,-0.09999999999999998
12,ols,-0.35010704356114974,0.022292107217494195,0.37239915077864394,7.236333486293262,5.877682180762013,-1.3586513055312484,8.151917178047043,6.937136143364581,-1.2147810346824617,0.6691742275951712,0.6305351434264159,-0.03863908416875528,0.5561660422625863,0.6178660898669369,0.06170004760435066,0.5,0.4,-0.09999999999999998
13,ridge,0.09779834354374184,0.23024544976948103,0.1324471062257392,8.814210085726335,7.131336175361871,-1.6828739103644645,10.764202947065431,9.942742673359167,-0.8214602737062648,0.6686956521739129,0.646086956521739,-0.022608695652173938,0.49999995361007066,0.6309295647089009,0.13092961109883028,0.4,0.3,-0.10000000000000003
13,ols,0.0827056638630318,0.21457852926698195,0.13187286540395016,8.905212909302508,7.259705152805466,-1.6455077564970413,10.853865191919251,10.043416005430302,-0.8104491864889489,0.6686956521739129,0.646086956521739,-0.022608695652173938,0.49999995361007066,0.6309295647089009,0.13092961109883028,0.4,0.3,-0.10000000000000003
14,ridge,-0.22027403657891464,0.25963075773597255,0.4799047943148872,8.51923595049003,6.45764831308022,-2.0615876374098097,9.159304332309471,7.13440875550467,-2.024895576804801,0.7459893048128343,0.7593582887700535,0.013368983957219194,0.3589386717915605,0.3617999805201976,0.0028613087286370464,0.7,0.6,-0.09999999999999998
14,ols,-0.25948060330584743,0.2239480045770038,0.48342860788285125,8.654117069251594,6.611973852283231,-2.0421432169683627,9.305282139401276,7.304310288576986,-2.00097185082429,0.7459893048128343,0.7580213903743316,0.012032085561497263,0.3589386717915605,0.36103662391653896,0.0020979521249784305,0.7,0.6,-0.09999999999999998
15,ridge,0.22534066973342026,0.4436684201394584,0.21832775040603813,8.914938538567528,7.071157600715148,-1.8437809378523795,10.628521788248912,9.007086752729768,-1.621435035519145,0.6824808708473826,0.6770447451563463,-0.005436125691036353,0.502582314309888,0.5056034277649311,0.0030211134550430785,0.5,0.5,0.0
15,ols,0.20896741631520244,0.43476965858291017,0.22580224226770773,9.082795102205793,7.217019463345565,-1.865775638860228,10.74025705180481,9.078837074143127,-1.6614199776616836,0.6824808708473826,0.6770447451563463,-0.005436125691036353,0.502582314309888,0.5056034277649311,0.0030211134550430785,0.5,0.5,0.0
16,ridge,0.06801209375451778,0.49524330231123004,0.42723120855671226,6.8282638615658575,4.204306553304681,-2.6239573082611765,7.7135460021321824,5.676622061124317,-2.0369239410078652,0.81832202846927,0.7890687480536236,-0.029253280415646454,0.32343045760482364,0.3262348246249538,0.0028043670201301496,0.4,0.5,0.09999999999999998
16,ols,0.03905021776053963,0.488896375978509,0.44984615821796936,6.9590161102699595,4.307312970957264,-2.651703139312695,7.832479769893044,5.712200141799729,-2.120279628093315,0.81832202846927,0.7890687480536236,-0.029253280415646454,0.32343045760482364,0.3262348246249538,0.0028043670201301496,0.4,0.5,0.09999999999999998
17,ridge,0.4093524744123288,0.3707779136236168,-0.03857456078871202,8.807783677827123,8.080458534407576,-0.7273251434195469,11.222784642081804,11.583462950725867,0.36067830864406325,0.7243697478991598,0.7151260504201682,-0.009243697478991564,0.9970093750707218,0.6330781445105481,-0.36393123056017374,0.7,0.6,-0.09999999999999998
17,ols,0.42082428052086984,0.3800499770130261,-0.04077430350784372,8.775087836463314,8.012686603842253,-0.7624012326210607,11.11326340709215,11.497800660679548,0.3845372535873981,0.7243697478991598,0.7212885154061626,-0.003081232492997188,0.9970093750707218,0.6330835460410759,-0.363925829029646,0.7,0.6,-0.09999999999999998
18,ridge,-1.5339712433895643,-0.721984109820121,0.8119871335694433,9.596918656300543,7.242810442281727,-2.354108214018816,11.369168744297962,9.372219281388627,-1.9969494629093347,0.5830769230769232,0.48692307692307696,-0.0961538461538462,0.6307474613095946,0.6303632669752719,-0.000384194334322685,0.4,0.3,-0.10000000000000003
18,ols,-1.6140740533440603,-0.8166620582579665,0.7974119950860938,9.779999453284642,7.391310145625352,-2.3886893076592903,11.547469255970022,9.62642306735059,-1.9210461886194317,0.5830769230769232,0.48615384615384616,-0.096923076923077,0.6307474613095946,0.6303632669700996,-0.00038419433949499204,0.4,0.3,-0.10000000000000003
19,ridge,-0.3608769398041134,-0.012402336180113771,0.3484746036239996,6.908811435462236,5.616970098800115,-1.291841336662121,8.494529490248768,7.326667288893074,-1.1678622013556934,0.7238461538461537,0.5830769230769232,-0.14076923076923054,0.9974221653387508,0.9968200626093007,-0.0006021027294501602,0.5,0.4,-0.09999999999999998
19,ols,-0.40519302257875656,-0.05556027215409376,0.3496327504246628,7.018470909677713,5.7947882234056385,-1.2236826862720749,8.631730915711927,7.48120265200422,-1.1505282637077068,0.7238461538461537,0.57,-0.15384615384615374,0.9974221653387508,0.9968200562329117,-0.0006021091058391326,0.5,0.4,-0.09999999999999998
20,ridge,0.2897124765257013,0.6092894146059002,0.31957693808019894,7.282495929194099,4.967188521296188,-2.3153074078979117,8.305373047176449,6.159842953388394,-2.1455300937880546,0.7164031620553359,0.7144268774703557,-0.0019762845849802257,0.9999565440494929,0.9999600293239876,3.4852744947855285e-06,0.5,0.5,0.0
20,ols,0.26952297420200855,0.5964036866759921,0.32688071247398354,7.439316890088223,5.127271755870265,-2.312045134217958,8.422583628726617,6.260595523076616,-2.1619881056500008,0.7164031620553359,0.7144268774703557,-0.0019762845849802257,0.9999565440494929,0.9999600293239876,3.4852744947855285e-06,0.5,0.5,0.0
21,ridge,0.1935874896118025,0.32781021660822274,0.13422272699642024,7.15015003110939,5.456672352836851,-1.6934776782725391,9.90459133330976,9.04282000617536,-0.8617713271344005,0.8154920407923473,0.787641725631883,-0.027850315160464323,0.30103029254015506,0.3010304847266225,1.9218646746255175e-07,0.5,0.5,0.0
21,ols,0.18573406433233697,0.31522434619479733,0.12949028186246037,7.17740446513762,5.585390760227949,-1.5920137049096708,9.952703498023757,9.127084859276467,-0.8256186387472901,0.8154920407923473,0.79286365972447,-0.022628381067877235,0.30103029254015506,0.31546535478187976,0.014435062241724694,0.5,0.5,0.0
22,ridge,0.14046232559260963,0.24105704014734897,0.10059471455473934,11.585999599690291,11.397391224650603,-0.18860837503968853,16.82361886741756,15.808531569862893,-1.0150872975546683,0.7640455682133926,0.7364267852181163,-0.027618782995276314,0.22127339745922261,0.45678474521432777,0.23551134775510515,0.5,0.6,0.09999999999999998
22,ols,0.15827317114311001,0.2614099196322599,0.10313674848914989,11.529812109839895,11.353731901998998,-0.17608020784089717,16.648401749590516,15.595119171064546,-1.0532825785259696,0.7640455682133926,0.7374270630730759,-0.026618505140316717,0.22127339745922261,0.4606789341684323,0.2394055367092097,0.5,0.6,0.09999999999999998
23,ridge,0.2906242917908981,0.37205312540700475,0.08142883361610664,5.656132690059916,5.296033279314971,-0.36009941074494556,6.471890509789049,6.089118932099134,-0.38277157768991543,0.6709401709401709,0.6568986568986569,-0.014041514041513992,0.984602734798319,0.6509549594816685,-0.33364777531665046,0.5,0.5,0.0
23,ols,0.20912863107074264,0.31021939730442094,0.1010907662336783,5.9613122852866285,5.554313862480213,-0.4069984228064154,6.83354300525739,6.381877943384208,-0.45166506187318145,0.6709401709401709,0.6568986568986569,-0.014041514041513992,0.984602734798319,0.6509549594816685,-0.33364777531665046,0.5,0.5,0.0
24,ridge,0.3398756227167662,0.27520559746600104,-0.06467002525076515,8.790027754745623,8.045076791114724,-0.7449509636308989,11.100959889881242,11.632017942018752,0.5310580521375101,0.6873949579831933,0.5201680672268908,-0.16722689075630248,0.6330963206273607,0.6330777666936143,-1.855393374639025e-05,0.4,0.3,-0.10000000000000003
24,ols,0.3413202922708478,0.27856746198503,-0.0627528302858178,8.822347295199979,8.018189637377796,-0.8041576578221825,11.088806117632384,11.605009786386049,0.5162036687536649,0.6873949579831933,0.5145658263305323,-0.172829131652661,0.6330963206273607,0.6330777666936143,-1.855393374639025e-05,0.4,0.3,-0.10000000000000003
25,ridge,0.5112679395107316,0.5198546654953086,0.008586725984576993,7.456413941161902,6.85673704958682,-0.5996768915750819,9.41695107062951,9.333859425462455,-0.08309164516705536,0.7594579333709771,0.7210615471485038,-0.03839638622247332,0.5025838574294259,0.5056042228457243,0.003020365416298354,0.5,0.5,0.0
25,ols,0.5129654470883265,0.5216641546153673,0.008698707527040828,7.498539344128636,6.875626028069942,-0.6229133160586935,9.400582950260487,9.316254901899255,-0.08432804836123253,0.753811405985319,0.7108977978543197,-0.042913608130999314,0.5025838574294251,0.5056042228457232,0.003020365416298021,0.5,0.5,0.0
26,ridge,0.21235110351466402,0.28035817598193213,0.06800707246726811,11.631818146976826,11.537298072236567,-0.09452007474025947,16.45927644657714,15.732676150023215,-0.726600296553924,0.7715306122448978,0.831938775510204,0.06040816326530618,0.3818281872127272,0.4301230915228475,0.04829490431012029,0.6,0.7,0.09999999999999998
26,ols,0.22743768111833818,0.2991329997470481,0.07169531862870993,11.58576923462614,11.50225501726966,-0.08351421735648046,16.30088434661699,15.526094000346651,-0.774790346270338,0.7715306122448978,0.8380612244897958,0.06653061224489798,0.3818281872127272,0.4317477688478553,0.04991958163512811,0.6,0.7,0.09999999999999998
27,ridge,0.4319126582948577,0.31564428444975945,-0.11626837384509825,7.795919162703413,8.25718470043134,0.4612655377279271,11.554138905219691,12.681510265186265,1.127371359966574,0.8933284457478006,0.7925219941348972,-0.10080645161290336,0.9984243037746742,0.499948684461067,-0.4984756193136072,0.6,0.6,0.0
27,ols,0.4456650364809539,0.32108908868280706,-0.12457594779814685,7.7264684875953975,8.267685863935,0.5412173763396027,11.413429592107828,12.630961824372557,1.2175322322647286,0.8933284457478006,0.7716275659824047,-0.1217008797653959,0.9984243037746742,0.4999486844581767,-0.4984756193164975,0.6,0.6,0.0
28,ridge,-0.08196432536082066,0.037375698498222754,0.11934002385904341,13.478934868417669,13.099314285549546,-0.3796205828681227,20.046379740302044,18.908535484683984,-1.1378442556180595,0.7087782805429864,0.6601809954751131,-0.04859728506787331,0.3175377477324937,0.4651605190269975,0.1476227712945038,0.6,0.5,-0.09999999999999998
28,ols,-0.0634775631160025,0.06046874957241011,0.12394631268841261,13.364317099268987,12.96613958387131,-0.398177515397677,19.87438269224306,18.680353797110048,-1.1940288951330125,0.7087782805429864,0.6601809954751131,-0.04859728506787331,0.3175377477324937,0.4651605190269975,0.1476227712945038,0.6,0.5,-0.09999999999999998
29,ridge,0.07257718897446475,0.1525043430396753,0.07992715406521056,12.328100218842064,12.088618261165806,-0.2394819576762579,18.811245427189828,17.982389631369333,-0.8288557958204947,0.7124735729386892,0.7351656095842142,0.022692036645524993,0.3811208992331146,0.4465276410923485,0.0654067418592339,0.5,0.6,0.09999999999999998
29,ols,0.08998586117599583,0.174747407955249,0.08476154677925318,12.212482420464323,11.985299224716151,-0.22718319574817158,18.63385590530567,17.744840962099104,-0.8890149432065648,0.7124735729386892,0.7351656095842142,0.022692036645524993,0.3811208992331146,0.4465276410923485,0.0654067418592339,0.5,0.6,0.09999999999999998
30,ridge,0.4779917160649887,0.3588700085375075,-0.11912170752748119,7.422443912149859,7.87079314607649,0.4483492339266313,9.700992905297953,10.75104144554531,1.0500485402473565,0.6854838709677419,0.5139296187683284,-0.17155425219941345,0.9997290025588578,0.6308408429673913,-0.3688881595914665,0.7,0.7,0.0
30,ols,0.48630754153652955,0.3577078153033313,-0.12859972623319826,7.424425687617869,7.934376286686908,0.5099505990690396,9.623412112440821,10.760781381684117,1.1373692692432957,0.6854838709677419,0.5139296187683284,-0.17155425219941345,0.9997290025588578,0.6308408429673913,-0.3688881595914665,0.7,0.7,0.0
31,ridge,-0.8282335139024053,-0.8658988478635954,-0.037665333961190095,6.877512822774646,6.7685404119999,-0.10897241077474629,8.220817102049876,8.305068166277017,0.08425106422714101,0.35836385836385837,0.2271062271062271,-0.13125763125763126,0.9999932065454447,0.999983712030882,-9.494514562669032e-06,0.5,0.5,0.0
31,ols,-0.884423615648052,-0.9378910752508953,-0.05346745960284327,6.993062377235156,6.894392326994233,-0.09867005024092279,8.346192980289677,8.463769637465013,0.11757665717533605,0.35836385836385837,0.2026862026862027,-0.15567765567765568,0.9999932065454447,0.9999837116304847,-9.494914959939926e-06,0.5,0.5,0.0
32,ridge,0.08147114676402112,0.1672010059807757,0.08572985921675458,11.334291284100075,11.114246343881133,-0.2200449402189424,17.41268233093366,16.580184975629518,-0.8324973553041417,0.6500658761528326,0.7072463768115941,0.05718050065876146,0.4008071878010301,0.44303717461045566,0.04222998680942558,0.5,0.6,0.09999999999999998
32,ols,0.09649733351488321,0.18878106779853066,0.09228373428364745,11.224409845970209,11.013842835619188,-0.21056701035102066,17.269668246817037,16.36395642261504,-0.9057118242019975,0.6500658761528326,0.7100131752305664,0.05994729907773377,0.4008071878010301,0.44303717461045566,0.04222998680942558,0.5,0.6,0.09999999999999998
33,ridge,0.061276489921320954,0.17359743111494996,0.11232094119362901,12.112740219920392,11.928874868611816,-0.18386535130857595,18.147137600336155,17.02688152370641,-1.1202560766297438,0.6741367159971812,0.6907681465821001,0.016631430584918894,0.3785061273220571,0.4086555231056553,0.03014939578359821,0.4,0.6,0.19999999999999996
33,ols,0.07651897475679703,0.194673027301975,0.11815405254517797,12.062788674616137,11.898750306506399,-0.16403836810973793,17.999202917208443,16.808362563798983,-1.1908403534094596,0.6741367159971812,0.6887949260042283,0.014658210007047145,0.3785061273220571,0.4086555231056553,0.03014939578359821,0.4,0.6,0.19999999999999996
34,ridge,-0.6181951071769376,-0.5342463958709152,0.08394871130602244,8.209835124148706,7.732064525307796,-0.4777705988409098,10.211569807158254,9.943164503196186,-0.2684053039620675,0.5478260869565217,0.46086956521739125,-0.08695652173913043,0.6309297542200738,0.9999999991707849,0.36907024495071106,0.4,0.3,-0.10000000000000003
34,ols,-0.6518987037763411,-0.600534875494676,0.05136382828166508,8.294705777232842,7.9183563386403994,-0.37634943859244263,10.31736452387764,10.155694769462851,-0.16166975441478826,0.5478260869565217,0.46086956521739125,-0.08695652173913043,0.6309297542200738,0.9999999991707849,0.36907024495071106,0.4,0.3,-0.10000000000000003
35,ridge,0.3187024027270917,0.2634307886067223,-0.055271614120369406,6.8230298466806545,6.656258141159515,-0.16677170552113907,7.985733445717541,8.30334650797725,0.31761306225971,0.6017391304347826,0.5565217391304348,-0.045217391304347765,0.6310673930405666,0.9999999912818212,0.3689325982412546,0.4,0.4,0.0
35,ols,0.306801406143166,0.24745136785518385,-0.05935003828798213,6.883361289952144,6.7143094128888805,-0.1690518770632634,8.05517941013636,8.392931267697946,0.337751857561587,0.6017391304347826,0.5565217391304348,-0.045217391304347765,0.6310673930405666,0.9999999912818212,0.3689325982412546,0.4,0.4,0.0
36,ridge,0.1181828750139281,0.18967760992807847,0.07149473491415037,11.690132741016491,11.460071743328772,-0.23006099768771904,17.994028853875967,17.249164652577818,-0.7448642012981495,0.7859168624908841,0.8016368203549146,0.015719957864030465,0.408656773719067,0.4169855902313844,0.008328816512317372,0.6,0.7,0.09999999999999998
36,ols,0.13346091915287606,0.2110636607626286,0.07760274160975256,11.571805877562625,11.34924576640903,-0.22256011115359442,17.837468751499518,17.020022447203417,-0.8174463042961015,0.784458309699376,0.8016368203549146,0.017178510655538548,0.408656773719067,0.4169855902313844,0.008328816512317372,0.6,0.7,0.09999999999999998
37,ridge,0.044297073523127395,0.3049853749170639,0.2606883013939365,8.065090447056093,6.505939399394305,-1.5591510476617882,9.039935311236105,7.709049539583993,-1.3308857716521123,0.6179529282977558,0.6781609195402298,0.060207991242474,0.43484378591029343,0.36619433678210345,-0.06864944912818999,0.6,0.6,0.0
37,ols,0.027818131146020053,0.2926791580869821,0.26486102694096203,8.151794241652691,6.573523534824519,-1.5782707068281727,9.117538868522859,7.7769998823077175,-1.3405389862151411,0.6179529282977558,0.6781609195402298,0.060207991242474,0.43484378591029343,0.36619433678210345,-0.06864944912818999,0.6,0.6,0.0
38,ridge,-0.9145106046861398,-0.6885834231647396,0.22592718152140012,8.62473593342174,7.669206169054226,-0.9555297643675136,10.699987136788266,10.04883298547654,-0.6511541513117258,0.3608386294869582,0.3669936594142411,0.006155029927282896,0.6309297535856773,0.9999999999483153,0.3690702463626381,0.3,0.2,-0.09999999999999998
38,ols,-0.9675401429639181,-0.7795532782839896,0.18798686467992853,8.731327411982026,7.939717771224568,-0.791609640757458,10.847163050892894,10.315965116744616,-0.5311979341482775,0.3608386294869582,0.3669936594142411,0.006155029927282896,0.6309297535856773,0.9999999999483153,0.3690702463626381,0.3,0.2,-0.09999999999999998
39,ridge,-0.221476020593943,0.012517039119159912,0.2339930597131029,6.879327059679699,5.901336454129056,-0.9779906055506435,8.878162456474296,7.982619344237414,-0.895543112236882,0.7932159352550275,0.7332028875219169,-0.06001304773311067,0.5940419773231718,0.5874828818002116,-0.00655909552296019,0.5,0.5,0.0
39,ols,-0.24972661095882587,-0.025910275283902662,0.2238163356749232,6.965391799842181,5.997208157615463,-0.9681836422267178,8.98024372567584,8.136456458922066,-0.8437872667537736,0.7932159352550275,0.7288541159470537,-0.0643618193079738,0.5940419773231718,0.5874828783353506,-0.006559098987821144,0.5,0.5,0.0
40,ridge,-0.43483120217802584,0.11706915382430605,0.5519003560023319,9.101854660549936,6.513054654288497,-2.5888000062614394,10.09387978119999,7.918101537035385,-2.1757782441646043,0.75,0.7934782608695652,0.04347826086956519,0.4100474900791371,0.512205591314601,0.10215810123546387,0.4,0.4,0.0
40,ols,-0.47388073108688467,0.06931609110456538,0.54319682219145,9.227568491741911,6.698064583909735,-2.5295039078321757,10.23031231705566,8.129406199914932,-2.1009061171407275,0.75,0.7934782608695652,0.04347826086956519,0.4100474900791371,0.512205591314601,0.10215810123546387,0.4,0.4,0.0
41,ridge,0.2530297956510169,0.4580368666100194,0.2050070709590025,8.291506288619171,6.547428088452176,-1.744078200166995,9.873113888945577,8.409833156675102,-1.4632807322704746,0.5666295884315907,0.6489432703003337,0.082313681868743,0.6310609914711387,0.999533339511319,0.36847234804018025,0.5,0.5,0.0
41,ols,0.23733853533189275,0.4567085405854868,0.21937000525359407,8.35630959971025,6.5532399952542075,-1.8030696044560433,9.976274926935043,8.420132901282441,-1.5561420256526013,0.5666295884315907,0.6520578420467186,0.08542825361512785,0.6310609914711387,0.9995333396586524,0.36847234818751373,0.5,0.5,0.0
42,ridge,0.06071955670993279,0.09414523886556325,0.033425682155630465,12.106473359349202,11.979618226265254,-0.12685513308394825,18.331441157758714,18.002310778207285,-0.32913037955142954,0.7657040406431386,0.7924697446897043,0.026765704046565753,0.2851310800767273,0.4028038944596675,0.11767281438294025,0.6,0.7,0.09999999999999998
42,ols,0.07957851942032945,0.13417831104570932,0.05459979162537987,11.988389546847834,11.726176644194442,-0.2622129026533919,18.146477806409397,17.60002154616923,-0.5464562602401664,0.7657040406431386,0.7924697446897043,0.026765704046565753,0.2851310800767273,0.4028038944596675,0.11767281438294025,0.6,0.7,0.09999999999999998
43,ridge,0.407364896245084,0.23356399788411164,-0.17380089836097234,5.94277907505059,6.406455959072332,0.46367688402174156,7.971378735353239,9.065206591345602,1.0938278559923624,0.5640356732597427,0.4174820711868566,-0.1465536020728861,0.9999999999290431,0.9999999935759784,-6.353064740949321e-09,0.4,0.3,-0.10000000000000003
43,ols,0.4093486384088505,0.22317506821673538,-0.1861735701921151,5.947364468311176,6.491560098957074,0.5441956306458984,7.958026155376154,9.126438577210763,1.168412421834609,0.5640356732597427,0.4174820711868566,-0.1465536020728861,0.9999999999290431,0.9999999935759784,-6.353064740949321e-09,0.4,0.3,-0.10000000000000003
44,ridge,-0.2871063911281877,-0.18893743048158984,0.09816896064659786,9.078113156778311,8.299382320260413,-0.778730836517898,11.367514574927142,10.925411319096437,-0.4421032558307054,0.4948051948051948,0.2753246753246753,-0.2194805194805195,0.6309297535851908,0.6309297535760315,-9.159228930855079e-12,0.4,0.4,0.0
44,ols,-0.30684763039421536,-0.22197051002295143,0.08487712037126394,9.143282236440216,8.424912921880562,-0.7183693145596539,11.454358554821157,11.076145671685387,-0.3782128831357703,0.4948051948051948,0.27792207792207796,-0.21688311688311684,0.6309297535851908,0.6309297535760315,-9.159228930855079e-12,0.4,0.4,0.0
45,ridge,0.3287170313878681,0.27736504891367986,-0.05135198247418826,8.941798595822513,7.606163768109632,-1.3356348277128811,11.363926190670409,11.790577340985116,0.4266511503147079,0.625537730443301,0.551444911885939,-0.07409281855736194,0.9984029250663679,0.9983758355456799,-2.708952068797288e-05,0.6,0.6,0.0
45,ols,0.3360702150642879,0.27564301460460994,-0.06042720045967798,8.91766061967983,7.621773770724886,-1.2958868489549449,11.301515007332723,11.804617415522522,0.5031024081897986,0.625537730443301,0.5436509951797686,-0.0818867352635324,0.9984029250663679,0.9983256514946242,-7.727357174369676e-05,0.6,0.6,0.0
46,ridge,0.1312675005427978,0.25425129115198597,0.12298379060918818,6.3047368569619175,5.375155026938215,-0.9295818300237029,7.31158637003096,6.774306391197282,-0.537279978833678,0.7221674876847289,0.6428571428571427,-0.07931034482758625,0.34994890531590495,0.3157391654684329,-0.034209739847472054,0.5,0.5,0.0
46,ols,0.07382530465661186,0.21385626837543692,0.14003096371882506,6.524779117027012,5.566960907472452,-0.95781820955456,7.549445177857528,6.955359114212853,-0.5940860636446752,0.7221674876847289,0.6428571428571427,-0.07931034482758625,0.34994890531590495,0.3157391654684329,-0.034209739847472054,0.5,0.5,0.0
47,ridge,0.23147135254878692,0.2949181434265251,0.06344679087773819,10.831802629202016,10.718250860711308,-0.11355176849070858,16.211521021449055,15.527927801525488,-0.6835932199235675,0.7024533217542335,0.7598784194528875,0.057425097698654004,0.39643056737224164,0.43174823896595393,0.035317671593712296,0.6,0.6,0.0
47,ols,0.2456840617352818,0.3161449749188262,0.07046091318354442,10.751209959700299,10.636471782909153,-0.11473817679114617,16.060918396200346,15.29240371217602,-0.7685146840243267,0.7024533217542335,0.7603126356925748,0.05785931393834132,0.39643056737224164,0.43174823896595393,0.035317671593712296,0.6,0.6,0.0
48,ridge,0.41669999733746943,0.5779999116871768,0.16129991434970736,7.325151640576774,5.782825696547586,-1.542325944029188,8.214061144348229,6.986637540240327,-1.2274236041079014,0.6612903225806452,0.6068548387096775,-0.05443548387096775,0.631071297286638,0.9995464716687497,0.36847517438211164,0.7,0.7,0.0
48,ols,0.39391645515687657,0.567098676327422,0.17318222117054538,7.500244833639237,5.862447211205402,-1.637797622433835,8.372944041027015,7.07630264720942,-1.2966413938175947,0.6612903225806452,0.6072580645161291,-0.05403225806451617,0.631071297286638,0.9995464716687497,0.36847517438211164,0.7,0.7,0.0
49,ridge,0.461624842424213,0.34264796105177253,-0.11897688137244045,7.582919507796627,7.78110116233884,0.19818165454221237,10.5511471130465,11.658862477977305,1.1077153649308045,0.8211898395721926,0.6758021390374332,-0.14538770053475936,0.9970313341459832,0.6330963220253074,-0.3639350121206758,0.6,0.5,-0.09999999999999998
49,ols,0.47426528195121875,0.34816962590198364,-0.12609565604923512,7.571305964858251,7.783215673338604,0.21190970848035295,10.42654690320739,11.609792812006416,1.1832459087990266,0.8231951871657754,0.6781417112299466,-0.14505347593582885,0.9970313341459832,0.6330963220440978,-0.3639350121018854,0.6,0.5,-0.09999999999999998
50,ridge,0.034930113756539316,-0.043376710496177306,-0.07830682425271662,12.475942792222419,12.901224118607688,0.42528132638526905,18.694853087384665,19.438522147801045,0.74366906041638,0.7097479944899119,0.6335791264889393,-0.07616886800097256,0.3818277434790462,0.22073531375822592,-0.16109242972082027,0.6,0.5,-0.09999999999999998
50,ols,0.05375635035611526,0.0014526355547730407,-0.052303714801342216,12.331627172808247,12.592035856535501,0.26040868372725434,18.511608781434468,19.01634331353379,0.5047345320993202,0.7078032574345678,0.6556194797828377,-0.0521837776517301,0.3818277434790462,0.22564790316197314,-0.15617984031707305,0.6,0.5,-0.09999999999999998
51,ridge,-0.21635481894400388,0.0472644020529811,0.263619220996985,8.010861899028317,6.505234328867078,-1.5056275701612387,10.130140230746424,8.96543804027604,-1.1647021904703845,0.7359503258736043,0.6512284925036576,-0.08472183336994676,0.5886693216713224,0.5828407839010329,-0.005828537770289466,0.5,0.5,0.0
51,ols,-0.24429053569333115,0.01253270904468351,0.25682324473801466,8.112902680506282,6.601350095297561,-1.5115525852087215,10.245808070084978,9.127391450702364,-1.1184166193826144,0.7359503258736043,0.6534877413935228,-0.08246258448008148,0.5886693216713224,0.582840784013813,-0.005828537657509347,0.5,0.5,0.0
52,ridge,0.2160073429032343,0.27764499515304186,0.06163765224980755,10.485992061951421,10.32882630017447,-0.15716576177695174,16.577535951021225,15.912533243096128,-0.6650027079250975,0.826530612244898,0.8595310464611376,0.03300043421623966,0.3839745965444821,0.425002124803839,0.04102752825935685,0.5,0.6,0.09999999999999998
52,ols,0.23075620329244428,0.29648738700487287,0.06573118371242859,10.496994671483227,10.35658998441241,-0.14040468707081644,16.420863168953886,15.703625329415958,-0.717237839537928,0.826530612244898,0.8597481545809813,0.03321754233608332,0.3839745965444821,0.4250021248158174,0.04102752827133527,0.5,0.6,0.09999999999999998
53,ridge,-0.19254449282812192,-0.20772770840966404,-0.01518321558154212,7.318216139405403,6.593696763432259,-0.7245193759731441,8.572083307000174,8.62647965865019,0.05439635165001633,0.5375494071146245,0.27865612648221344,-0.25889328063241107,0.32327089496464934,0.2998261640110902,-0.023444730953559145,0.5,0.5,0.0
53,ols,-0.23177762206528274,-0.253202934921835,-0.021425312856552248,7.471552497831333,6.7561653241999196,-0.715387173631413,8.711947355667377,8.787387723981416,0.07544036831403922,0.5375494071146245,0.27865612648221344,-0.25889328063241107,0.32327089496464934,0.2998261640110902,-0.023444730953559145,0.5,0.5,0.0
54,ridge,0.416474953185487,0.5216795545957914,0.10520460141030441,6.476859378635748,5.627287420867588,-0.84957195776816,7.669201188329795,6.943522581429512,-0.7256786069002823,0.7023076923076923,0.6399999999999999,-0.0623076923076924,0.9999946517525452,0.9999974851684598,2.833415914560433e-06,0.5,0.4,-0.09999999999999998
54,ols,0.4102860106348991,0.5108576292899346,0.1005716186550355,6.534647851685475,5.705902264080562,-0.8287455876049128,7.709764190591928,7.021631309518434,-0.6881328810734937,0.7023076923076923,0.6415384615384615,-0.0607692307692308,0.9999946517525452,0.9999974851684598,2.833415914560433e-06,0.5,0.4,-0.09999999999999998
55,ridge,0.09064035863069564,0.32576436701090794,0.2351240083802123,8.589417741949347,6.4297125259413574,-2.15970521600799,9.834093974641092,8.467834605438114,-1.3662593692029787,0.5738916256157635,0.630541871921182,0.056650246305418595,0.6309313613608409,0.99999684476544,0.3690654834045991,0.4,0.5,0.09999999999999998
55,ols,0.08752309076971165,0.328666181208327,0.24114309043861537,8.655061698932261,6.451207147457007,-2.2038545514752546,9.850935099430467,8.449592779279595,-1.4013423201508726,0.5738916256157635,0.6339901477832511,0.06009852216748768,0.6309313613608409,0.9999968447654404,0.36906548340459944,0.4,0.5,0.09999999999999998
56,ridge,0.17715987483679396,0.3156275611810475,0.13846768634425355,10.953616249811004,10.78217064356505,-0.17144560624595329,17.16599253172776,15.655157602408037,-1.5108349293197225,0.634098459679855,0.7160978556327393,0.0819993959528843,0.40865660545123433,0.46490011704180845,0.05624351159057411,0.6,0.6,0.0
56,ols,0.1899927421166887,0.3340523887000799,0.1440596465833912,10.86892124166298,10.689588259951197,-0.17933298171178258,17.031607638900574,15.44298398967454,-1.5886236492260348,0.634098459679855,0.7160978556327393,0.0819993959528843,0.40865660545123433,0.46490011704180845,0.05624351159057411,0.6,0.6,0.0
57,ridge,-0.7759487339554063,-0.36529218455208823,0.4106565494033181,9.766116899280119,8.22078272447083,-1.5453341748092893,11.307249021765118,9.914128564580837,-1.3931204571842812,0.5036764705882353,0.5594919786096257,0.05581550802139046,0.42899865845859264,0.3869478787211998,-0.04205077973739285,0.6,0.5,-0.09999999999999998
57,ols,-0.8479098441331681,-0.46830632255800286,0.3796035215751652,9.982071810238711,8.571451199682821,-1.41062061055589,11.53405807756988,10.281348462627529,-1.2527096149423507,0.5036764705882353,0.5594919786096257,0.05581550802139046,0.42899865845859264,0.3869478787211998,-0.04205077973739285,0.6,0.5,-0.09999999999999998
58,ridge,-0.4056850502707443,-0.21750849837831,0.18817655189243432,7.321484169305788,6.363666667774216,-0.9578175015315722,8.82838948843743,8.216246733654696,-0.6121427547827345,0.15435139573070608,0.25123152709359603,0.09688013136288995,0.9904477050083874,0.9938956513385684,0.003447946330180973,0.3,0.3,0.0
58,ols,-0.4366034397638161,-0.2423548478160651,0.19424859194775101,7.4086505240210645,6.4609019313702705,-0.947748592650794,8.924952696116966,8.299659996781173,-0.6252926993357928,0.15325670498084293,0.25123152709359603,0.0979748221127531,0.9904477050075878,0.9938956513385684,0.003447946330980556,0.3,0.3,0.0
59,ridge,0.06719682653274883,0.2049577137166353,0.13776088718388646,11.826029051640084,11.628573832992828,-0.19745521864725646,17.81254586367439,16.444705573246534,-1.367840290427857,0.6820814479638009,0.6700452488687783,-0.012036199095022626,0.22642666203587994,0.4606789340569531,0.23425227202107315,0.5,0.6,0.09999999999999998
59,ols,0.08683330993899774,0.2272098202199364,0.14037651028093867,11.728805556926693,11.562448883086292,-0.16635667384040076,17.624062273702155,16.212940371423095,-1.41112190227906,0.6820814479638009,0.6676923076923077,-0.014389140271493184,0.22642666203587994,0.4606789340569531,0.23425227202107315,0.5,0.6,0.09999999999999998
60,ridge,0.40879662755579216,0.5651284820346152,0.15633185447882303,6.9137898499934005,5.524504678426429,-1.3892851715669714,7.934082344779244,6.80469610144942,-1.129386243329824,0.6107038123167156,0.6019061583577713,-0.008797653958944274,0.9995064693740511,0.9995091815919593,2.712217908262815e-06,0.7,0.7,0.0
60,ols,0.3875127242650247,0.5526629224338339,0.16515019816880916,7.114132938933821,5.6354770290342895,-1.4786559098995316,8.075636969707356,6.901535086905274,-1.1741018828020815,0.6107038123167156,0.6019061583577713,-0.008797653958944274,0.9995064693740511,0.9995091815919593,2.712217908262815e-06,0.7,0.7,0.0
61,ridge,0.088032027519232,0.2068879632446292,0.11885593572539721,11.396239215568801,11.170176763613538,-0.2260624519552632,17.37461193628618,16.202893991372584,-1.1717179449135955,0.5858204688393367,0.6426148275204877,0.056794358681151014,0.23308011148873659,0.4387879492408445,0.20570783775210794,0.6,0.7,0.09999999999999998
61,ols,0.1062199026307431,0.2286407292210435,0.1224208265903004,11.32285252828802,11.111464850141545,-0.21138767814647608,17.200483695011794,15.97914993650531,-1.2213337585064838,0.5858204688393367,0.6400228702115494,0.05420240137221266,0.23308011148873659,0.4387879492408445,0.20570783775210794,0.6,0.7,0.09999999999999998
62,ridge,0.20784043997202295,0.31256279279980725,0.1047223528277843,8.915897898285088,7.261191016637615,-1.6547068816474733,10.819257087352108,10.078772073266903,-0.7404850140852055,0.5358288770053476,0.5645530939648585,0.028724216959510884,0.6150759309694702,0.9460972992050932,0.331021368235623,0.6,0.6,0.0
62,ols,0.19464780327078302,0.30086790911942296,0.10622010584863995,9.03211941343229,7.393184354252106,-1.6389350591801852,10.908977111704258,10.1641420351837,-0.7448350765205589,0.5358288770053476,0.5718869365928189,0.036058059587471214,0.6150759309694702,0.9460972992062843,0.33102136823681405,0.6,0.6,0.0
63,ridge,-0.2029299029005207,-0.1441961072410538,0.0587337956594669,9.163040476992077,8.494416371082446,-0.6686241059096307,12.289256889171536,11.985487274131126,-0.30376961504041056,0.5269565217391303,0.44434782608695644,-0.08260869565217388,0.28906952256387736,0.2702421438188335,-0.018827378745043866,0.4,0.3,-0.10000000000000003
63,ols,-0.22562143804567936,-0.18036627998412547,0.04525515806155389,9.28735061425579,8.67507695277183,-0.6122736614839592,12.404624908733842,12.173455130563388,-0.2311697781704538,0.5269565217391303,0.44434782608695644,-0.08260869565217388,0.28906952256387736,0.2702421438188335,-0.018827378745043866,0.4,0.3,-0.10000000000000003
64,ridge,0.11888771425330136,0.25243200950958655,0.1335442952562852,12.672522452188181,12.48375819608172,-0.1887642561064613,19.058978066081067,17.555343456939436,-1.5036346091416313,0.753658536585366,0.7418386491557225,-0.01181988742964346,0.42733028066789114,0.45481481076562863,0.027484530097737492,0.5,0.5,0.0
64,ols,0.13328260527496583,0.2728397850702471,0.13955717979528126,12.558440400529715,12.382250330663954,-0.17619006986576125,18.902651966302418,17.314064716672593,-1.5885872496298248,0.753658536585366,0.7418386491557225,-0.01181988742964346,0.42733028066789114,0.45481481076562863,0.027484530097737492,0.5,0.5,0.0
65,ridge,-1.1024923099216197,-0.3493622117682953,0.7531300981533244,8.040544664481999,5.996739677373324,-2.0438049871086745,10.012245175690914,8.021000432958072,-1.9912447427328424,0.5640356732597427,0.540552306755482,-0.02348336650426064,0.6313405657506944,0.6316127242037878,0.00027215845309336295,0.4,0.4,0.0
65,ols,-1.1561691421179248,-0.4307022035257535,0.7254669385921713,8.168743187117013,6.17568868554181,-1.9930545015752026,10.139246489596,8.259217268821274,-1.8800292207747251,0.5640356732597427,0.540552306755482,-0.02348336650426064,0.6313405657506944,0.6316127242037878,0.00027215845309336295,0.4,0.4,0.0
66,ridge,0.25620913121101196,0.3545200593728923,0.09831092816188036,10.796379166508613,10.64744720674833,-0.14893195976028295,16.029498518081933,14.932615743740781,-1.096882774341152,0.6807425097698653,0.749348675640469,0.06860616587060375,0.4273289173700962,0.43393482707359987,0.006605909703503665,0.7,0.7,0.0
66,ols,0.25808739049569085,0.3624485143484444,0.10436112385275353,10.873259837168385,10.784620214680672,-0.08863962248771351,16.009246464036167,14.84062343746099,-1.168623026575176,0.6807425097698653,0.7529309596178898,0.07218844984802453,0.4273289173700962,0.4367346250277425,0.009405707657646312,0.7,0.7,0.0
67,ridge,0.2724271289446999,0.26398866426683654,-0.008438464677863355,7.522658433595502,7.483811907292766,-0.038846526302735995,9.798793151082345,9.855453041179876,0.05665989009753147,0.5385964912280702,0.4122807017543859,-0.12631578947368427,0.6310659006752779,0.9999923853947267,0.3689264847194488,0.3,0.3,0.0
67,ols,0.25921496192452675,0.25093737276934147,-0.008277589155185283,7.511525352375704,7.521638909287908,0.010113556912203947,9.887362169303023,9.942449782264628,0.05508761296160536,0.5385964912280702,0.4122807017543859,-0.12631578947368427,0.6310659006752779,0.9999923853947267,0.3689264847194488,0.3,0.3,0.0
68,ridge,0.25663299745066614,0.10392287228576635,-0.1527101251648998,7.046571112958951,7.78054682098114,0.7339757080221894,9.23009168458774,10.133910664683025,0.903818980095286,0.2784615384615384,0.17076923076923078,-0.10769230769230764,0.999999904793236,0.9999998860431553,-1.8750080710283612e-08,0.4,0.3,-0.10000000000000003
68,ols,0.24667067532210252,0.08790948269448284,-0.15876119262761967,7.141780242380105,7.930248897660944,0.7884686552808393,9.291734933008078,10.224058968220268,0.93232403521219,0.2784615384615384,0.17923076923076922,-0.0992307692307692,0.999999904793236,0.9999998860431555,-1.8750080488239007e-08,0.4,0.3,-0.10000000000000003
69,ridge,-0.08141787285331681,0.06374351969183134,0.14516139254514815,8.3470127726361,6.301486785919675,-2.0455259867164255,10.54824909896087,9.81479027783871,-0.7334588211221593,0.6295878035008471,0.5290796160361377,-0.10050818746470935,0.3154650117908978,0.3154650117003717,-9.052608662685202e-11,0.5,0.5,0.0
69,ols,-0.10532161105680049,0.0453892090003436,0.1507108200571441,8.47684538020414,6.446561276644186,-2.0302841035599535,10.664191528157799,9.910527600840036,-0.7536639273177634,0.6295878035008471,0.5290796160361377,-0.10050818746470935,0.3154650117908978,0.3154650117003717,-9.052608662685202e-11,0.5,0.5,0.0
70,ridge,0.23179094279106882,0.2589064247180328,0.027115481926964002,12.120621465773848,12.000317664386312,-0.12030380138753571,15.964370591840357,15.68009224708962,-0.2842783447507369,0.7164945978391357,0.7470348139255703,0.030540216086434535,0.28344710984132143,0.37850730345339406,0.09506019361207263,0.4,0.4,0.0
70,ols,0.23601532742542375,0.2681992697635316,0.03218394233810784,12.139378157635038,12.032708100006221,-0.10667005762881665,15.920416013526717,15.581472892419264,-0.3389431211074534,0.7164945978391357,0.7470348139255703,0.030540216086434535,0.28344710984132143,0.37850730345339406,0.09506019361207263,0.4,0.4,0.0
71,ridge,0.03360444324383838,-0.009740000381706526,-0.043344443625544904,9.45309144548671,9.488487000536217,0.035395555049507976,12.32804784230643,12.601482172012696,0.2734343297062658,0.40230769230769226,0.30000000000000004,-0.10230769230769221,0.9551132795470141,0.9601204407115049,0.005007161164490848,0.4,0.4,0.0
71,ols,0.009124723652154776,-0.05460749241203744,-0.06373221606419222,9.67233149982571,9.879809930115703,0.2074784302899939,12.483211968497804,12.878410824356118,0.3951988558583146,0.40230769230769226,0.28769230769230764,-0.11461538461538462,0.9551132795470141,0.9551132809911014,1.4440872941889893e-09,0.4,0.4,0.0
72,ridge,0.13135611418449156,0.23064160923699795,0.09928549505250639,11.548936791453661,11.415905051280157,-0.13303174017350372,17.810592732100233,16.761845631163222,-1.0487471009370104,0.7459981878586529,0.7713681667170038,0.025369978858350906,0.4152956884237878,0.46051074269955466,0.045215054275766886,0.7,0.7,0.0
72,ols,0.14588473456868656,0.25010496329852794,0.10422022872984138,11.497250069987297,11.386590216370344,-0.11065985361695319,17.661017926827853,16.548465502550563,-1.1125524242772897,0.7459981878586529,0.7689519782543038,0.02295379039565093,0.4152956884237878,0.46051074269955466,0.045215054275766886,0.7,0.7,0.0
73,ridge,0.24801525046943929,0.295211837029251,0.04719658655981174,9.156551738606948,8.19158223346918,-0.964969505137768,11.076337137279792,10.72311467256956,-0.3532224647102318,0.5216748768472905,0.52807881773399,0.0064039408866994885,0.27659394428352596,0.28700540745760605,0.010411463174080093,0.5,0.4,-0.09999999999999998
73,ols,0.24226911699654763,0.29045137344251715,0.04818225644596952,9.22127033801291,8.197903721515745,-1.0233666164971655,11.11857535377863,10.759268151568834,-0.35930720220979495,0.5216748768472905,0.5251231527093595,0.0034482758620689724,0.27659394428352596,0.287004193502329,0.010410249218803014,0.5,0.4,-0.09999999999999998
74,ridge,0.2707419194489239,0.12061654514599096,-0.15012537430293293,6.014087288961879,6.452821390523209,0.4387341015613293,7.668622578032529,8.421042981821499,0.7524204037889701,0.2991452991452991,0.19352869352869354,-0.10561660561660555,0.9999999999992891,0.9999999999794829,-1.980626773701033e-11,0.4,0.4,0.0
74,ols,0.23800509296951655,0.07672275212152746,-0.1612823408479891,6.216196225796897,6.703859346442544,0.48766312064564765,7.838857564471218,8.628649053292165,0.7897914888209465,0.2991452991452991,0.19352869352869354,-0.10561660561660555,0.9999999999992891,0.9999999999794829,-1.980626773701033e-11,0.4,0.4,0.0
75,ridge,-3.124960645100721,-2.7752512358310515,0.34970940926966954,8.706750520691084,8.166271621853612,-0.5404788988374722,11.0401538759174,10.561805148059891,-0.47834872785750804,0.23626373626373626,0.2503052503052503,0.014041514041514047,0.2451293082672914,0.24524958595334606,0.0001202776860546595,0.3,0.3,0.0
75,ols,-3.3075234762210073,-3.0483641498848266,0.25915932633618066,8.907889317628534,8.580168036567482,-0.32772128106105214,11.28181693561268,10.937171119588028,-0.34464581602465216,0.23626373626373626,0.2503052503052503,0.014041514041514047,0.2451293082672914,0.24524958595334606,0.0001202776860546595,0.3,0.3,0.0
76,ridge,-3.3357725099738067,-3.164644070062999,0.17112843991080773,8.487728591026091,7.803582859090702,-0.6841457319353887,10.367636823787793,10.160977204309122,-0.20665961947867117,0.40239316239316236,0.30324786324786324,-0.09914529914529913,0.35808428198196984,0.3655181688839013,0.007433886901931475,0.3,0.2,-0.09999999999999998
76,ols,-3.444177962910402,-3.352544771828283,0.09163319108211887,8.583601540610717,7.990253835820653,-0.5933477047900642,10.49644543731198,10.387670264002706,-0.10877517330927411,0.40239316239316236,0.30529914529914526,-0.0970940170940171,0.35808428198196984,0.36551826334752036,0.007433981365550513,0.3,0.2,-0.09999999999999998
77,ridge,-0.3722133607399354,-0.39941178653094234,-0.027198425791006953,7.9796313176427365,7.530327269027023,-0.4493040486157138,9.245622920798535,9.336801350217373,0.09117842941883758,0.46785317018909905,0.3686318131256952,-0.09922135706340385,0.6253028302062815,0.3606077764727564,-0.26469505373352514,0.5,0.4,-0.09999999999999998
77,ols,-0.3884704252988098,-0.42298312417923634,-0.03451269888042652,8.032025952434845,7.535150131913813,-0.49687582052103174,9.300229634124431,9.415106348183096,0.11487671405866529,0.46785317018909905,0.3704115684093437,-0.09744160177975536,0.6253028302062815,0.3606077764727564,-0.26469505373352514,0.5,0.4,-0.09999999999999998
78,ridge,0.3884285811166476,0.32246069520312315,-0.06596788591352443,8.815333170959567,8.019290138245132,-0.7960430327144348,10.980744532881914,11.557807169362372,0.5770626364804574,0.6607287449392713,0.5773279352226721,-0.08340080971659913,0.9970088958146346,0.9998077312097351,0.0027988353951005074,0.7,0.6,-0.09999999999999998
78,ols,0.3979664890965181,0.3292468853933469,-0.0687196037031712,8.812591019351517,7.949955582948826,-0.8626354364026909,10.894781641468427,11.499780378154718,0.6049987366862908,0.6607287449392713,0.5795546558704454,-0.08117408906882584,0.9970088958146346,0.999807731209736,0.0027988353951013956,0.7,0.6,-0.09999999999999998
79,ridge,-1.8136322763508246,-1.423171332486325,0.3904609438644995,7.777910114561725,6.818322478127768,-0.9595876364339571,10.3872522206992,9.63960125883706,-0.7476509618621403,0.4505928853754941,0.40909090909090917,-0.04150197628458491,0.2589961303450018,0.25899592801914156,-2.0232586023238852e-07,0.4,0.4,0.0
79,ols,-1.885758806526439,-1.5451909250697442,0.3405678814566948,7.877221568579877,7.049644160243576,-0.8275774083363006,10.519546637456312,9.87932315559914,-0.6402234818571717,0.4505928853754941,0.40909090909090917,-0.04150197628458491,0.2589961303450018,0.25899592801914156,-2.0232586023238852e-07,0.4,0.4,0.0
80,ridge,0.2519710015166591,0.33640069253431826,0.08442969101765918,10.95090020821179,10.829213223839515,-0.12168698437227476,16.31543456871874,15.367116751157866,-0.9483178175608735,0.7701357466063349,0.8084162895927601,0.03828054298642525,0.4317589081061575,0.4605107429677043,0.028751834861546754,0.7,0.7,0.0
80,ols,0.26541192524812296,0.35271985524955085,0.08730793000142789,10.923281132210368,10.811955147286232,-0.11132598492413592,16.168188566971583,15.176987324147309,-0.9912012428242747,0.7701357466063349,0.8084162895927601,0.03828054298642525,0.4317589081061575,0.4605107429677043,0.028751834861546754,0.7,0.7,0.0
81,ridge,0.1078925622710657,0.21462772239668504,0.10673516012561934,12.50685648297819,12.391100653316638,-0.11575582966155196,17.92666245779473,16.820102760677486,-1.1065596971172447,0.6033101045296169,0.6482578397212545,0.04494773519163764,0.3935770763741962,0.4133123460335873,0.019735269659391097,0.5,0.6,0.09999999999999998
81,ols,0.11301018107813887,0.2303908789651875,0.11738069788704864,12.498115815773916,12.40550883438568,-0.09260698138823642,17.875169907579586,16.650449569831082,-1.2247203377485043,0.6033101045296169,0.6540069686411152,0.05069686411149832,0.3935770763741962,0.4152860121846724,0.021708935810476226,0.5,0.6,0.09999999999999998
82,ridge,0.3317963486341575,0.3611085351708344,0.029312186536676887,8.86978927615039,7.411575349830034,-1.4582139263203562,11.075317313111226,10.829671886156694,-0.24564542695453184,0.6712543554006969,0.6728222996515681,0.001567944250871256,0.6330890534284697,0.6330901423545695,1.0889260998458994e-06,0.5,0.6,0.09999999999999998
82,ols,0.3324024947726071,0.36685644395797556,0.03445394918536848,8.895821370335666,7.33389561196344,-1.561925758372226,11.070292809020973,10.780846217468307,-0.2894465915526663,0.6712543554006969,0.6613240418118468,-0.009930313588850104,0.6330890534284697,0.6330901423545692,1.0889260995128325e-06,0.5,0.6,0.09999999999999998
83,ridge,-0.3940600818265676,-0.12240997373300733,0.27165010809356027,9.581741063060853,8.192286031012864,-1.389455032047989,11.357046199977104,10.190615257191347,-1.166430942785757,0.6031145717463848,0.49276974416017794,-0.1103448275862069,0.5000000037958023,0.5000000026435651,-1.1522371945460463e-09,0.5,0.4,-0.09999999999999998
83,ols,-0.4455808607124121,-0.18633017109868333,0.25925068961372877,9.80271482551991,8.482586175734362,-1.3201286497855484,11.565005442440821,10.476770596002128,-1.0882348464386933,0.6031145717463848,0.49276974416017794,-0.1103448275862069,0.5000000037958023,0.5000000026435651,-1.1522371945460463e-09,0.5,0.4,-0.09999999999999998
84,ridge,0.3664154233066992,0.4327442845477798,0.06632886124108062,6.643594830906282,5.481561065447862,-1.1620337654584194,7.967626934346085,7.539041481204863,-0.4285854531412223,0.7330367074527252,0.6756395995550611,-0.05739710789766406,0.6309296793063376,0.9999996049518588,0.3690699256455212,0.6,0.6,0.0
84,ols,0.33543167624609793,0.41091608169223914,0.07548440544614121,6.932285063188034,5.699456531522925,-1.2328285316651089,8.160119358180392,7.6827247889883665,-0.4773945691920254,0.7330367074527252,0.6756395995550611,-0.05739710789766406,0.6309296793063376,0.9999996049518588,0.3690699256455212,0.6,0.6,0.0
85,ridge,-0.013794332067781356,0.1257579556979611,0.13955228776574247,12.1643730878243,11.96701661007941,-0.19735647774488996,18.538653464264222,17.215478624031146,-1.3231748402330759,0.7925334623447831,0.7220609579100146,-0.07047250443476849,0.23509521831522978,0.4568203369236366,0.22172511860840682,0.5,0.7,0.19999999999999996
85,ols,0.0059065201891067565,0.15123566759280904,0.14532914740370229,12.057519367304788,11.87773865574322,-0.17978071156156794,18.35764087616947,16.962771718468375,-1.3948691577010948,0.7925334623447831,0.720609579100145,-0.07192388324463805,0.23509521831522978,0.4568203369236366,0.22172511860840682,0.5,0.7,0.19999999999999996
86,ridge,-0.414067139590923,-0.11998441359004808,0.29408272600087493,7.451922068917977,6.701946739700393,-0.7499753292175839,9.553082850982065,8.501871147064916,-1.051211703917149,0.6245421245421245,0.517094017094017,-0.10744810744810751,0.6286462079233313,0.5201241955062282,-0.10852201241710302,0.6,0.5,-0.09999999999999998
86,ols,-0.45208069352469926,-0.182030843525693,0.2700498499990063,7.577843445516038,6.832215782848681,-0.7456276626673572,9.68063631635059,8.734196004230792,-0.9464403121197975,0.6245421245421245,0.5036630036630036,-0.1208791208791209,0.6286462079233313,0.520124194057793,-0.10852201386553828,0.6,0.5,-0.09999999999999998
87,ridge,0.13775242270814703,0.23418354227909854,0.09643111957095152,12.255357743374933,12.024153287359706,-0.23120445601522732,18.307418134589835,17.253350975740574,-1.0540671588492607,0.6834494773519165,0.7329268292682929,0.049477351916376366,0.41994624776962275,0.4548147129375621,0.034868465167939344,0.6,0.6,0.0
87,ols,0.15047709790884412,0.25226194878443897,0.10178485087559486,12.177260738845636,11.954691871836719,-0.22256886700891698,18.171829573788457,17.048487294966666,-1.1233422788217915,0.6834494773519165,0.7329268292682929,0.049477351916376366,0.41994624776962275,0.4548147129375621,0.034868465167939344,0.6,0.6,0.0
88,ridge,-0.4756449681497479,-0.5143649755698938,-0.03872000742014592,9.239433954582005,9.368207763796638,0.12877380921463377,11.337245685569265,11.485023704278577,0.14777801870931206,0.47792207792207797,0.3675324675324675,-0.11038961038961048,0.6309287277076192,0.9999945825964853,0.3690658548888661,0.3,0.3,0.0
88,ols,-0.5258483436607984,-0.5781464009795527,-0.052298057318754365,9.405014666466737,9.57229989269068,0.16728522622394237,11.528486699449754,11.724390156614746,0.19590345716499158,0.47792207792207797,0.3675324675324675,-0.11038961038961048,0.6309287277076192,0.9999945825964853,0.3690658548888661,0.3,0.3,0.0
89,ridge,-0.9524922342222735,-0.4886869357123702,0.46380529850990326,8.412115294981872,7.100879074875225,-1.3112362201066468,9.701499413864592,8.471218675674015,-1.2302807381905776,0.44338153503893213,0.418020022246941,-0.025361512791991114,0.4309266356695921,0.4309269180668594,2.823972672927333e-07,0.5,0.5,0.0
89,ols,-0.9970749372518339,-0.5223982018912916,0.47467673536054233,8.509388931299947,7.188262909529323,-1.321126021770624,9.811635025418479,8.56659697147643,-1.2450380539420483,0.44338153503893213,0.4197997775305895,-0.023581757508342627,0.4309266356695921,0.387121725059223,-0.04380491061036912,0.5,0.5,0.0
90,ridge,-0.6245512036478751,-0.6662799625348925,-0.041728758887017436,8.610206342670924,8.383452703093347,-0.2267536395775771,10.344674831715354,10.476690822762675,0.13201599104732153,0.212991452991453,0.14666666666666667,-0.06632478632478633,0.2448045196372977,0.29703157352261184,0.05222705388531412,0.4,0.5,0.09999999999999998
90,ols,-0.6644981200229756,-0.7454906744855441,-0.08099255446256848,8.72924129872348,8.611954873431383,-0.11728642529209665,10.47108768079206,10.722817344846312,0.25172966405425257,0.212991452991453,0.14666666666666667,-0.06632478632478633,0.2448045196372977,0.29703157352261184,0.05222705388531412,0.4,0.5,0.09999999999999998
91,ridge,-0.0283839486199029,-0.04658802647173399,-0.01820407785183109,8.411283236476269,8.309744161045895,-0.10153907543037377,11.603079392066991,11.705325636773043,0.10224624470605193,0.4060150375939849,0.3699248120300751,-0.036090225563909784,0.3562074471633923,0.35620746387812346,1.6714731154721107e-08,0.3,0.3,0.0
91,ols,-0.0561183360556059,-0.07456346465362951,-0.018445128598023608,8.607340283277786,8.550212454299265,-0.05712782897852087,11.758499648945307,11.860736409254484,0.10223676030917694,0.4060150375939849,0.3699248120300751,-0.036090225563909784,0.3562074471633923,0.35620746387812346,1.6714731154721107e-08,0.3,0.3,0.0
92,ridge,0.5144398296106372,0.56500781027895,0.050567980668312806,6.17745709263082,5.975893844865673,-0.20156324776514722,7.60597890197382,7.199035554575062,-0.4069433473987587,0.7809147374364765,0.785431959345003,0.0045172219085264365,0.6310686760568964,0.9999693736749634,0.368900697618067,0.5,0.5,0.0
92,ols,0.5066086461265544,0.5554971856201542,0.048888539493599725,6.2555583444436795,6.057421831833267,-0.19813651261041265,7.667068725584313,7.277309512297763,-0.38975921328654994,0.7809147374364765,0.785431959345003,0.0045172219085264365,0.6310686760568964,0.9999693736749634,0.368900697618067,0.5,0.5,0.0
93,ridge,0.19170797345048174,0.28439955131318806,0.09269157786270632,11.905755427808785,11.799785810599763,-0.10596961720902165,17.165622399816648,16.151419964188765,-1.0142024356278831,0.6608275445484748,0.7227423739051646,0.06191482935668979,0.37077840274824186,0.4117998056789633,0.04102140293072143,0.5,0.6,0.09999999999999998
93,ols,0.19810181246558067,0.3004344371194829,0.10233262465390225,11.900609120581993,11.78312605017092,-0.11748307041107431,17.097594921647904,15.969437493721701,-1.1281574279262028,0.6608275445484748,0.7227423739051646,0.06191482935668979,0.37077840274824186,0.4117998056789633,0.04102140293072143,0.5,0.6,0.09999999999999998
94,ridge,0.36955795343307873,0.2826646969732052,-0.08689325645987356,7.904809759993277,7.705370928474533,-0.1994388315187443,10.157603377420477,10.835021271753337,0.6774178943328604,0.6767206477732794,0.6016194331983805,-0.07510121457489893,0.9997741384337351,0.9997741384312654,-2.4696911182786607e-12,0.7,0.7,0.0
94,ols,0.34370618166981026,0.2606656605064863,-0.08304052116332394,8.234939385230703,7.952565127992611,-0.28237425723809206,10.363771347096431,10.999909319361038,0.6361379722646063,0.6767206477732794,0.6032388663967612,-0.07348178137651828,0.9997741384337351,0.9997741389000039,4.662688013468141e-10,0.7,0.7,0.0
95,ridge,0.14237044442148417,0.2796644868694069,0.13729404244792276,11.206554620763722,11.073825180191275,-0.1327294405724473,17.214126516818308,15.776204750556284,-1.4379217662620238,0.6693729750333522,0.6830188679245283,0.013645892891176015,0.2978643528434323,0.46512935240496095,0.16726499956152863,0.6,0.7,0.09999999999999998
95,ols,0.1585364795794474,0.29932709940833113,0.14079061982888375,11.156055820835668,11.037234931738613,-0.11882088909705502,17.051114368291678,15.559397693438042,-1.4917166748536363,0.6675433581093957,0.6837812083095102,0.01623785020011448,0.2978643528434323,0.46512935240496095,0.16726499956152863,0.6,0.7,0.09999999999999998
96,ridge,-47.01595733649186,-43.331267978699216,3.6846893577926423,9.124629007801497,8.467152943724184,-0.6574760640773132,11.164318368243197,10.72740045418083,-0.43691791406236824,0.3360700602079913,0.32019704433497537,-0.015873015873015928,0.4892502412373479,0.47280254470067307,-0.016447696536674827,0.4,0.3,-0.10000000000000003
96,ols,-48.69967866544322,-46.17773526491289,2.5219434005303327,9.298020693405276,8.866746768905697,-0.43127392449957824,11.358375103289246,11.06644069575048,-0.29193440753876665,0.3360700602079913,0.31800766283524906,-0.018062397372742234,0.4892502412373479,0.47279709391863495,-0.016453147318712946,0.4,0.3,-0.10000000000000003
97,ridge,0.1714335447780514,0.33712073130477926,0.16568718652672787,11.35770203839078,11.5029646361512,0.1452625977604196,17.53072980749353,15.680270169381709,-1.8504596381118201,0.681159420289855,0.6972332015810276,0.01607378129117265,0.41395012028964884,0.4699086456825902,0.05595852539294138,0.6,0.6,0.0
97,ols,0.18496979983721895,0.35211357905030527,0.16714377921308632,11.254456657767152,11.443918014971365,0.18946135720421253,17.386940725213815,15.501929650391666,-1.885011074822149,0.681159420289855,0.6972332015810276,0.01607378129117265,0.41395012028964884,0.4699086456825902,0.05595852539294138,0.6,0.6,0.0
98,ridge,0.17061426387162193,0.26248741585334423,0.0918731519817223,11.20917621532694,11.016578897280864,-0.19259731804607583,16.965889098405626,15.998639788453033,-0.9672493099525923,0.6147689519782542,0.680459075807913,0.06569012382965878,0.39643004607770244,0.42343187933857473,0.0270018332608723,0.5,0.6,0.09999999999999998
98,ols,0.18245420861792006,0.27628815095966064,0.09383394234174058,11.182306830790766,10.981912301694429,-0.2003945290963376,16.844355024870826,15.848245291680668,-0.996109733190158,0.6185442464512232,0.680459075807913,0.06191482935668979,0.39643004607770244,0.42343187933857473,0.0270018332608723,0.5,0.6,0.09999999999999998
99,ridge,-0.6312292707492881,-0.40175757229857423,0.2294716984507139,10.69669806109748,9.24431538914308,-1.4523826719543997,13.417289480923476,12.437804963547308,-0.9794845173761679,0.5398290598290598,0.4803418803418803,-0.05948717948717952,0.27024139808667635,0.2702413990408436,9.541672452151317e-10,0.4,0.4,0.0
99,ols,-0.6723990994075539,-0.4558481198931037,0.21655097951445024,10.865695457801822,9.454570470622208,-1.4111249871796137,13.585550760200029,12.675506489253886,-0.9100442709461429,0.5398290598290598,0.4803418803418803,-0.05948717948717952,0.27024139808667635,0.2702413990408436,9.541672452151317e-10,0.4,0.4,0.0
