gene,hgvs_c,chromosome,position,ref,alt,ReferenceAlleleVCF,AlternateAlleleVCF,residual_mmr_activity,vips_score,is_founder_haplotype,population_pam_disruption_risk,pam_confidence_tier,data_source,h3k27ac_signal,h3k36me3_signal,h3k27ac_normalized,h3k36me3_normalized,colon_chromatin_score,endometrium_chromatin_score,ovary_chromatin_score,local_snv_density,local_indel_density,rlt,trcss_final,okseq_fd,tx_dir,PRIDICT2_0_editing_Score_deep_K562,PRIDICT2_0_editing_Score_deep_HEK,K562_percentile_to_librarydiverse,HEK_percentile_to_librarydiverse,K562_rank,HEK_rank,complete_integrated_score
MLH1,NM_000249.4(MLH1):c.1609del (p.Gln537fs),3,37040236,,,TC,T,0.0,1.0,False,False,Tier A,encode_hct116_chipseq,776.0,642.558,1.0,1.0,1.0,1.0,1.0,1.3333333333333333,0,0.3333333333333333,0.8782314828766387,0.7564629657532772,-1.0,21.35913372039795,71.84039652347565,92.528129395218,84.00459790441664,1.0,18.0,0.7743537034246722
MSH2,NM_000251.3(MSH2):c.738del (p.Gly247fs),2,47412504,,,GA,G,0.0,1.0,False,False,Tier A,encode_hct116_chipseq,233.557,191.758,0.3009755154639175,0.2984290912260061,0.2997023033449618,0.2997023033449618,0.2997023033449618,2.0,0,0.5,0.4369410264830304,0.1261179470339391,1.0,1.7241815570741892,6.3603512942790985,60.91772151898734,44.767673195101466,1.0,210.0,0.6625373705396342
MSH2,NM_000251.3(MSH2):c.1520del (p.Pro507fs),2,47466665,,,AC,A,0.0,1.0,False,False,Tier A,encode_hct116_chipseq,36.5,12.63,0.047036082474226804,0.019655813171729247,0.03334594782297803,0.03334594782297803,0.03334594782297803,1.6666666666666667,0,0.4166666666666667,0.5661927112092767,-0.1323854224185534,1.0,3.800891619175673,67.86424517631531,72.30573136427567,80.2953269375304,1.0,2.0,0.5825979447138891
MSH6,NM_000179.3(MSH6):c.2328del (p.Gln776fs),2,47800310,,,CA,C,0.0,1.0,False,False,Tier A,encode_hct116_chipseq,38.0,12.856,0.04896907216494845,0.02000753239396288,0.034488302279455665,0.034488302279455665,0.034488302279455665,1.25,0,0.3125,0.7024149034038638,-0.4048298068077277,1.0,9.837764501571655,68.87736320495605,84.99033052039381,81.11764445819885,1.0,218.0,0.5712640948890911
MSH6,NM_000179.3(MSH6):c.2327_2336del (p.Gln776fs),2,47800310,,,CAATGGCTTTG,C,0.0,1.0,False,False,Tier A,encode_hct116_chipseq,38.0,12.856,0.04896907216494845,0.02000753239396288,0.034488302279455665,0.034488302279455665,0.034488302279455665,1.25,0,0.3125,0.7024149034038638,-0.4048298068077277,1.0,15.750624611973764,41.22345298528671,89.94813642756681,65.94013882134489,1.0,26.0,0.5712640948890911
MSH6,NM_000179.3(MSH6):c.2933del (p.Gln978fs),2,47800916,,,CA,C,0.0,1.0,False,False,Tier A,encode_hct116_chipseq,38.0,12.856,0.04896907216494845,0.02000753239396288,0.034488302279455665,0.034488302279455665,0.034488302279455665,1.25,0,0.3125,0.7024149034038638,-0.4048298068077277,1.0,8.822694048285484,56.39302134513855,83.72011251758087,72.89004818957514,1.0,518.0,0.5712640948890911
MSH2,NM_000251.3(MSH2):c.2018del (p.Gly673fs),2,47476377,,,TG,T,0.0,1.0,False,False,Tier A,encode_hct116_chipseq,0.0,0.0,0.0,0.0,0.0,0.0,0.0,1.6666666666666667,0,0.4166666666666667,0.5827313878455167,-0.1654627756910334,1.0,1.560199330560863,1.847133319824934,59.42334739803095,33.507228436270395,1.0,320.0,0.5709537224308966
MSH6,NM_000179.3(MSH6):c.3622_3623insGAGAG (p.Ser1208Ter),2,47805683,,,T,TGAGAG,0.0,1.0,False,False,Tier A,encode_hct116_chipseq,38.0,12.856,0.04896907216494845,0.02000753239396288,0.034488302279455665,0.034488302279455665,0.034488302279455665,1.25,0,0.3125,0.7172449276334921,-0.4344898552669842,1.0,,,,,,,0.5682980900431654
MSH2,NM_000251.3(MSH2):c.2545del (p.Leu849fs),2,47480780,,,GC,G,0.0,1.0,False,False,Tier A,encode_hct116_chipseq,0.0,0.0,0.0,0.0,0.0,0.0,0.0,1.6666666666666667,0,0.4166666666666667,0.5965187581478442,-0.1930375162956884,1.0,14.179766923189163,81.9326251745224,88.91965541490859,95.69830673327732,1.0,3.0,0.5681962483704311
PMS2,NM_000535.7(PMS2):c.741del (p.Ser248fs),7,5997388,,,TA,T,0.0,1.0,False,False,Tier A,encode_hct116_chipseq,0.0,0.0,0.0,0.0,0.0,0.0,0.0,1.375,0,0.34375,0.6531971902382504,0.3063943804765007,-1.0,5.168068595230579,67.59321093559265,76.69215893108297,80.04332640700295,1.0,96.0,0.5677980619523499
