gene,hgvs_c,chromosome,position,ref,alt,prediction,epridict_position,distance,rank,percentile
MSH2,NM_000251.3(MSH2):c.2545del (p.Leu849fs),chr2,47480780,,,36.677185,47506000,25220,11340.0,41.04977375565611
MSH2,NM_000251.3(MSH2):c.1520del (p.Pro507fs),chr2,47466665,,,36.677185,47506000,39335,11340.0,41.04977375565611
MSH2,NM_000251.3(MSH2):c.2018del (p.Gly673fs),chr2,47476377,,,36.677185,47506000,29623,11340.0,41.04977375565611
MSH6,NM_000179.3(MSH6):c.2328del (p.Gln776fs),chr2,47800310,,,43.341946,47806000,5690,17887.0,64.74932126696832
MSH6,NM_000179.3(MSH6):c.2327_2336del (p.Gln776fs),chr2,47800310,,,43.341946,47806000,5690,17887.0,64.74932126696832
MSH2,NM_000251.3(MSH2):c.738del (p.Gly247fs),chr2,47412504,,,51.862053,47406000,6504,26047.0,94.28778280542988
MSH6,NM_000179.3(MSH6):c.3622_3623insGAGAG (p.Ser1208Ter),chr2,47805683,,,43.341946,47806000,317,17887.0,64.74932126696832
MSH6,NM_000179.3(MSH6):c.2933del (p.Gln978fs),chr2,47800916,,,43.341946,47806000,5084,17887.0,64.74932126696832
MLH1,NM_000249.4(MLH1):c.1609del (p.Gln537fs),chr3,37040236,,,47.076283,37006000,34236,21277.0,77.020814479638
PMS2,NM_000535.7(PMS2):c.741del (p.Ser248fs),chr7,5997388,,,52.301037,6006000,8612,26287.0,95.15656108597284
