gene,hgvs_c,chromosome,position,ref,alt,ReferenceAlleleVCF,AlternateAlleleVCF,residual_mmr_activity,vips_score,trcss,integrated_score,is_founder_haplotype,population_pam_disruption_risk,pam_confidence_tier,colon_chromatin_score,endometrium_chromatin_score,ovary_chromatin_score,chromatin_state,data_source
MSH2,NM_000251.3(MSH2):c.2545del (p.Leu849fs),2,47480780,,,GC,G,0.0,1.0,0.6705,0.66475,False,False,Tier B,0.7,0.65,0.6,gene_body,roadmap_epigenomics_data_informed
MSH2,NM_000251.3(MSH2):c.1520del (p.Pro507fs),2,47466665,,,AC,A,0.0,1.0,0.776,0.612,False,False,Tier B,0.7,0.65,0.6,gene_body,roadmap_epigenomics_data_informed
MSH2,NM_000251.3(MSH2):c.2018del (p.Gly673fs),2,47476377,,,TG,T,0.0,1.0,0.7034,0.6483,False,False,Tier B,0.7,0.65,0.6,gene_body,roadmap_epigenomics_data_informed
MSH6,NM_000179.3(MSH6):c.2328del (p.Gln776fs),2,47800310,,,CA,C,0.0,1.0,0.7894,0.6053,False,False,Tier B,0.7,0.65,0.6,gene_body,roadmap_epigenomics_data_informed
MSH6,NM_000179.3(MSH6):c.2327_2336del (p.Gln776fs),2,47800310,,,CAATGGCTTTG,C,0.0,1.0,0.7894,0.6053,False,False,Tier B,0.7,0.65,0.6,gene_body,roadmap_epigenomics_data_informed
MSH2,NM_000251.3(MSH2):c.738del (p.Gly247fs),2,47412504,,,GA,G,0.0,1.0,1.1806,0.4096999999999999,False,False,Tier B,0.7,0.65,0.6,gene_body,roadmap_epigenomics_data_informed
MSH6,NM_000179.3(MSH6):c.3622_3623insGAGAG (p.Ser1208Ter),2,47805683,,,T,TGAGAG,0.0,1.0,0.8629,0.56855,False,False,Tier B,0.7,0.65,0.6,gene_body,roadmap_epigenomics_data_informed
MSH6,NM_000179.3(MSH6):c.2933del (p.Gln978fs),2,47800916,,,CA,C,0.0,1.0,0.7977,0.6011500000000001,False,False,Tier B,0.7,0.65,0.6,gene_body,roadmap_epigenomics_data_informed
MLH1,NM_000249.4(MLH1):c.1609del (p.Gln537fs),3,37040236,,,TC,T,0.0,1.0,1.303,0.3485,False,False,Tier B,0.85,0.8,0.75,promoter,roadmap_epigenomics_data_informed
PMS2,NM_000535.7(PMS2):c.741del (p.Ser248fs),7,5997388,,,TA,T,0.0,1.0,0.7258,0.6371,False,False,Tier B,0.7,0.65,0.6,gene_body,roadmap_epigenomics_data_informed
