split,model,n_train,n_test,r2_baseline,r2_full,delta_r2,mae_baseline,mae_full,delta_mae,rmse_baseline,rmse_full,delta_rmse,rho_baseline,rho_full,delta_rho,ndcg20_baseline,ndcg20_full,delta_ndcg20,p10_baseline,p10_full,delta_p10,alpha_baseline,alpha_full
0,ridge,119,27,0.056732109487941274,-0.04921088966046816,-0.10594299914840943,6.227005484566625,6.465084828133727,0.2380793435671018,7.6326949661343,8.049923918007629,0.4172289518733283,0.3119658119658119,0.25335775335775335,-0.058608058608058566,0.6785709172176979,0.6547890549953278,-0.02378186222237011,0.4,0.4,0.0,6.158482110660261,12.742749857031322
0,ols,119,27,0.024071792932506164,-0.11392079274582678,-0.13799258567833295,6.408308566665574,6.727450821603388,0.31914225493781423,7.763710207209772,8.294448908757756,0.5307387015479845,0.3199023199023199,0.25274725274725274,-0.06715506715506714,0.6785831911968006,0.6548941991904953,-0.023688992006305254,0.4,0.4,0.0,,
1,ridge,115,31,0.2063010647017467,0.2159022320788223,0.009601167377075615,5.127212495128127,4.931946411487717,-0.19526608364041032,7.7226291066148764,7.675777681059947,-0.04685142555492927,0.651209677419355,0.5951612903225807,-0.05604838709677429,0.49951431580158506,0.4877077134642403,-0.011806602337344763,0.7,0.6,-0.09999999999999998,6.158482110660261,12.742749857031322
1,ols,115,31,0.1860219411186752,0.18599412025422435,-2.7820864450855964e-05,5.2950091056062805,5.149978416037292,-0.1450306895689888,7.820664004847116,7.82079765450248,0.00013364965536410978,0.6524193548387097,0.6064516129032259,-0.04596774193548381,0.49951431580158506,0.48493245986617656,-0.014581855935408505,0.7,0.6,-0.09999999999999998,,
2,ridge,123,23,0.46339989283438066,0.4322243002875956,-0.031175592546785036,6.0889097202719205,6.093467502078963,0.00455778180704236,7.6864693704830644,7.906602837448437,0.22013346696537273,0.6551383399209486,0.6017786561264823,-0.05335968379446632,0.966181559485312,0.922364784248142,-0.04381677523717009,0.7,0.7,0.0,6.158482110660261,12.742749857031322
2,ols,123,23,0.4541266709066122,0.4215044968178394,-0.03262217408877277,6.207582259489285,6.296495557831137,0.08891329834185235,7.752601504831732,7.980893529813367,0.22829202498163514,0.6403162055335968,0.6067193675889329,-0.03359683794466395,0.963135823069424,0.9223648688093519,-0.040770954260072156,0.7,0.7,0.0,,
3,ridge,125,21,0.6864711753143333,0.6217962805668582,-0.06467489474747512,4.637074266285732,4.954702935831954,0.31762866954622204,5.656672404107582,6.21276874922555,0.5560963451179672,0.6246753246753247,0.5714285714285714,-0.05324675324675332,0.9749685946700896,0.9520839412448251,-0.022884653425264467,0.7,0.7,0.0,6.158482110660261,12.742749857031322
3,ols,125,21,0.6791225648091468,0.616865367667917,-0.06225719714122979,4.779491332881848,4.998349487770743,0.21885815488889548,5.722580092068984,6.253137754443243,0.5305576623742585,0.6207792207792208,0.5597402597402598,-0.061038961038961004,0.9552686160054139,0.9519636228621323,-0.003304993143281587,0.7,0.7,0.0,,
4,ridge,121,25,0.15424304925628252,0.22499698225501497,0.07075393299873245,5.555520554847122,5.160022140824205,-0.3954984140229163,7.863135737407479,7.527047933459526,-0.3360878039479527,0.7069230769230769,0.6615384615384615,-0.04538461538461536,0.49810660732620876,0.4871979395707834,-0.010908667755425372,0.8,0.7,-0.10000000000000009,6.158482110660261,12.742749857031322
4,ols,121,25,0.09726877960861968,0.1383693505861182,0.04110057097749853,5.8229923367507,5.596486633564312,-0.22650570318638863,8.123668933824293,7.9365828538400764,-0.18708607998421645,0.7069230769230769,0.6623076923076924,-0.0446153846153845,0.49810660732620876,0.48719798752187754,-0.010908619804331221,0.8,0.7,-0.10000000000000009,,
5,ridge,120,26,0.09224419478384238,0.116135701895687,0.023891507111844623,4.558479211862602,4.033147477750122,-0.5253317341124806,5.78347134161918,5.7068553706352,-0.07661597098397976,0.6831937183112684,0.5751410581579346,-0.10805266015333381,0.9836191045122512,0.9781576486771562,-0.005461455835095053,0.6,0.5,-0.09999999999999998,6.158482110660261,12.742749857031322
5,ols,120,26,0.028044420877703757,0.03447883713566402,0.006434416257960263,4.791679040693828,4.369569746710913,-0.4221092939829152,5.984491836865975,5.964650059357516,-0.019841777508458946,0.6893486166744329,0.5638570778254662,-0.1254915388489667,0.8637939352511622,0.8581534904342428,-0.005640444816919388,0.6,0.5,-0.09999999999999998,,
6,ridge,113,33,0.39696246256495793,0.3893889800072371,-0.007573482557720834,7.524440626109147,7.482289144864951,-0.0421514812441961,9.911668812664018,9.973714397500343,0.06204558483632461,0.6647727272727273,0.5919117647058824,-0.07286096256684493,0.9133150985934948,0.8924022809292068,-0.020912817664287986,0.6,0.6,0.0,6.158482110660261,12.742749857031322
6,ols,113,33,0.38862204821376234,0.38933433654971905,0.0007122883359567123,7.641502050363561,7.5850187157506115,-0.056483334612949854,9.979975960162857,9.974160660365515,-0.005815299797342632,0.6677807486631017,0.5902406417112299,-0.07754010695187175,0.913326249749945,0.8920792424179543,-0.021247007331990697,0.6,0.6,0.0,,
7,ridge,120,26,0.2538735604548691,0.2257013945185956,-0.028172165936273474,5.7660285770640165,5.736914920031931,-0.02911365703208535,7.308954513105504,7.445661407460412,0.13670689435490857,0.4427350427350427,0.39829059829059826,-0.04444444444444445,0.9665000034782693,0.965386242866281,-0.0011137606119882015,0.5,0.5,0.0,6.158482110660261,12.742749857031322
7,ols,120,26,0.23150443715922664,0.1785487408497457,-0.05295569630948094,5.941238309354905,6.0936703353644734,0.15243202600956884,7.417707882414059,7.669021300354115,0.2513134179400556,0.4427350427350427,0.39829059829059826,-0.04444444444444445,0.9665000034782693,0.965386242866281,-0.0011137606119882015,0.5,0.5,0.0,,
8,ridge,119,27,-0.5859566434681676,-0.47623626396880825,0.10972037949935931,5.981037920690879,5.865787063132024,-0.11525085755885467,9.47554895731657,9.141904062787308,-0.3336448945292627,0.7246642246642245,0.724053724053724,-0.0006105006105004973,0.44453453269066745,0.44482495904415975,0.0002904263534923013,0.6,0.6,0.0,6.158482110660261,6.158482110660261
8,ols,119,27,-0.6769648703856801,-0.574799341071603,0.10216552931407707,6.164066249796842,6.046688933333593,-0.11737731646324878,9.743628275746493,9.442159595164064,-0.30146868058242937,0.717948717948718,0.7087912087912087,-0.009157509157509236,0.4442912683728592,0.44428871171269996,-2.5566601592474925e-06,0.6,0.6,0.0,,
9,ridge,122,24,-0.028544888968546456,0.0203535790092354,0.048898467977781856,8.52916910823296,8.183746255073855,-0.34542285315910526,10.657123340792008,10.40071138357857,-0.2564119572134391,0.4252173913043478,0.4660869565217391,0.04086956521739127,0.8695379990061843,0.8748896731014499,0.005351674095265602,0.7,0.7,0.0,6.158482110660261,6.158482110660261
9,ols,122,24,-0.08196149657168572,-0.0323979072330387,0.04956358933864702,8.746465999674884,8.43074230849726,-0.3157236911776238,10.93035506390978,10.67706593524861,-0.25328912866116937,0.4269565217391304,0.4547826086956522,0.02782608695652178,0.8695380025317601,0.8748848601030129,0.005346857571252861,0.7,0.7,0.0,,
10,ridge,119,27,0.5046190639956142,0.5556757417384868,0.05105667774287259,6.872468940292387,6.360689649383391,-0.5117792909089953,9.160889092061009,8.675969026396697,-0.484920065664312,0.6984126984126984,0.7026862026862026,0.004273504273504258,0.8418585560513858,0.7657387764590655,-0.0761197795923203,0.8,0.8,0.0,6.158482110660261,12.742749857031322
10,ols,119,27,0.4879626823531027,0.5310937334280366,0.04313105107493387,7.071277604038008,6.58356908693818,-0.4877085170998283,9.313625854164112,8.912735103721063,-0.40089075044304856,0.6984126984126984,0.6898656898656899,-0.008547008547008517,0.8418585560513858,0.7621026663972414,-0.07975588965414437,0.8,0.8,0.0,,
11,ridge,116,30,0.32800659452995706,0.29873817370256917,-0.029268420827387898,4.481352631288368,4.522671666726699,0.04131903543833104,6.236407001037021,6.3707717269916735,0.13436472595465254,0.643159065628476,0.5519466073414906,-0.09121245828698543,0.6894862892165522,0.6339476130214186,-0.05553867619513364,0.8,0.7,-0.10000000000000009,6.158482110660261,12.742749857031322
11,ols,116,30,0.30537129411282804,0.26868697738258485,-0.036684316730243194,4.586483602252511,4.540161586336558,-0.046322015915952974,6.340570097661431,6.505843295691834,0.16527319803040275,0.6404894327030033,0.5519466073414906,-0.0885428253615127,0.6894832726247185,0.6339476130214186,-0.05553565960329998,0.8,0.7,-0.10000000000000009,,
12,ridge,120,26,-0.2257162306140985,-0.0009104872764551519,0.22480574333764336,5.925767463777516,5.2753490579967215,-0.6504184057807949,7.767309768898317,7.018968235666036,-0.7483415332322805,0.6312190210223231,0.6059155499737575,-0.025303471048565562,0.7297820044827731,0.763113755353193,0.03333175087041995,0.8,0.7,-0.10000000000000009,6.158482110660261,12.742749857031322
12,ols,120,26,-0.34596761653952424,-0.21582066657413024,0.130146949965394,6.256847376625897,5.982400903872941,-0.2744464727529561,8.13941069898459,7.7358923531655375,-0.40351834581905166,0.6339545314059517,0.6240383062652978,-0.009916225140653934,0.7300096954982401,0.7633109244196737,0.03330122892143361,0.8,0.7,-0.10000000000000009,,
13,ridge,122,24,0.3223917910070828,0.3353773614854453,0.012985570478362463,7.147695053332718,6.835179254417011,-0.31251579891570724,9.32866283261975,9.238843964763955,-0.0898188678557954,0.6252173913043478,0.6234782608695651,-0.0017391304347826875,0.8520466811744524,0.810887125399633,-0.041159555774819334,0.8,0.9,0.09999999999999998,6.158482110660261,12.742749857031322
13,ols,122,24,0.31060387587855076,0.32197311314723476,0.011369237268683996,7.255350204703023,7.085275567362577,-0.1700746373404467,9.409455353837442,9.331544366088647,-0.07791098774879579,0.6330434782608695,0.6286956521739131,-0.004347826086956386,0.8521272195921128,0.8150000232307064,-0.03712719636140638,0.8,0.9,0.09999999999999998,,
14,ridge,113,33,0.44589051687721115,0.4882278456256628,0.04233732874845164,4.526774030765578,4.333956010381102,-0.19281802038447626,6.1720806921149185,5.931603734572224,-0.24047695754269416,0.7937834224598931,0.7797459893048129,-0.014037433155080214,0.5930522944132229,0.5820394713888182,-0.011012823024404761,0.9,0.8,-0.09999999999999998,6.158482110660261,12.742749857031322
14,ols,113,33,0.3986980524834237,0.41181395347493466,0.013115900991510943,4.760647983360724,4.736893123036139,-0.02375486032458518,6.4295430580926105,6.359034228623308,-0.07050882946930237,0.7947860962566846,0.7820855614973262,-0.012700534759358395,0.5930523293686255,0.5820380230941974,-0.01101430627442812,0.9,0.8,-0.09999999999999998,,
15,ridge,123,23,0.43047738143342906,0.4566719940289764,0.02619461259554734,7.034163236077338,6.962206445752093,-0.07195679032524449,9.113243563522742,8.901199500044346,-0.21204406347839644,0.6419570247869298,0.650852503190444,0.008895478403514123,0.8553985627272697,0.8665739185869112,0.011175355859641578,0.8,0.8,0.0,6.158482110660261,6.158482110660261
15,ols,123,23,0.4148865608770347,0.44196980858057844,0.027083247703543756,7.103804731666416,7.117086727498118,0.013281995831702531,9.23713999705507,9.020826653303681,-0.21631334375138955,0.6340499328726951,0.650852503190444,0.0168025703177489,0.8549908143719255,0.8665739185869112,0.011583104214985762,0.7,0.8,0.10000000000000009,,
16,ridge,121,25,0.44473416873723404,0.4926307648248839,0.047896596087649845,4.118972584631567,3.7377502852413755,-0.38122229939019103,5.953870856947246,5.691293731246944,-0.262577125700302,0.7721326383393019,0.7313320103911631,-0.04080062794813877,0.5795265345712803,0.6413653759972456,0.061838841425965296,0.7,0.7,0.0,6.158482110660261,12.742749857031322
16,ols,121,25,0.4273432991318237,0.4765452074607138,0.049201908328890154,4.233840507854284,3.8059860084089663,-0.4278544994453175,6.046389340763069,5.780807739646764,-0.26558160111630524,0.7705929920016362,0.7567361749626458,-0.013856817038990443,0.5795163548268232,0.6414748836217373,0.06195852879491415,0.7,0.8,0.10000000000000009,,
17,ridge,111,35,0.48266847774490085,0.4648057916083135,-0.01786268613658737,7.684346140969566,7.662585650570422,-0.02176049039914396,10.503182352836195,10.682973159509798,0.17979080667360314,0.8176470588235296,0.7977591036414566,-0.01988795518207298,0.9513222488130614,0.6735108875013139,-0.27781136131174744,0.7,0.7,0.0,6.158482110660261,12.742749857031322
17,ols,111,35,0.4830695382361082,0.48495722302638233,0.0018876847902741245,7.72299738588582,7.607861398401638,-0.11513598748418197,10.499110275236568,10.479922842185719,-0.019187433050849023,0.8190476190476191,0.8016806722689077,-0.017366946778711423,0.9513222488130614,0.6749510316564472,-0.27637121715661417,0.7,0.7,0.0,,
18,ridge,121,25,-1.0339516271414686,-0.8980755348139515,0.13587609232751707,6.8825227171192145,6.569474507153693,-0.31304820996552163,10.185871228470717,9.839762523596274,-0.34610870487444245,0.4815384615384616,0.44230769230769235,-0.039230769230769236,0.537425603721104,0.5365043589948739,-0.0009212447262301193,0.5,0.5,0.0,6.158482110660261,6.158482110660261
18,ols,121,25,-1.164612726212158,-1.039948853672818,0.12466387253933986,7.128103521117334,6.85244655452042,-0.2756569665969133,10.507949456592833,10.200876996795213,-0.3070724597976202,0.4692307692307692,0.44846153846153847,-0.020769230769230707,0.5359748415192727,0.5365046518491975,0.0005298103299248291,0.5,0.5,0.0,,
19,ridge,121,25,-0.2165519885174656,-0.011197831742810305,0.2053541567746553,5.993797105084884,5.189359337636581,-0.8044377674483023,8.031473623209024,7.322307545048417,-0.7091660781606066,0.6369230769230769,0.6207692307692307,-0.016153846153846185,0.6222663305205052,0.6557325756479416,0.033466245127436456,0.7,0.7,0.0,6.158482110660261,12.742749857031322
19,ols,121,25,-0.2931271753672744,-0.1557719071216339,0.13735526824564048,6.228937131584148,5.718121614782991,-0.5108155168011574,8.280384814459628,7.82827309530785,-0.4521117191517785,0.6361538461538461,0.6230769230769231,-0.013076923076922986,0.6010053071645988,0.6229792837185227,0.02197397655392397,0.7,0.7,0.0,,
20,ridge,123,23,0.5929575722612896,0.6030323432776263,0.010074771016336692,4.49487443207285,4.706441228802938,0.2115667967300885,6.287266814770031,6.208970735717065,-0.07829607905296587,0.700592885375494,0.6897233201581028,-0.010869565217391242,0.9446288326414175,0.9447949465981579,0.00016611395674037688,0.8,0.7,-0.10000000000000009,6.158482110660261,12.742749857031322
20,ols,123,23,0.5605777296855983,0.547515216196195,-0.013062513489403238,4.741818561292323,5.1236746061776195,0.38185604488529634,6.5325551197883875,6.628939276263119,0.09638415647473142,0.7055335968379446,0.6956521739130435,-0.009881422924901129,0.9446327599016232,0.9447953416080845,0.00016258170646132886,0.8,0.7,-0.10000000000000009,,
21,ridge,122,24,0.3984480695299907,0.4029026719852551,0.0044546024552644115,6.355579103054449,5.9103145447420715,-0.44526455831237755,8.554497332470724,8.5227646653239,-0.03173266714682477,0.871192671113276,0.7998262385145859,-0.07136643259869013,0.5943634821615862,0.598099446327352,0.003735964165765826,0.8,0.8,0.0,6.158482110660261,12.742749857031322
21,ols,122,24,0.3954189450072766,0.40191880104671507,0.0064998560394384786,6.448576290570682,5.8995930554975,-0.548983235073182,8.576008441765937,8.529783495158497,-0.04622494660744003,0.871192671113276,0.796344949119528,-0.074847721993748,0.5943634821615862,0.5812138733685568,-0.0131496087930294,0.8,0.8,0.0,,
22,ridge,86,60,0.24125277685076407,0.2365477717786828,-0.00470500507208127,10.785975762324766,10.784376839281595,-0.0015989230431703305,15.806492872914774,15.855425304631153,0.048932431716378844,0.8011669908307866,0.8025006946373995,0.001333703806612907,0.4083487845875266,0.4061330139558435,-0.0022157706316831005,0.6,0.6,0.0,12.742749857031322,12.742749857031322
22,ols,86,60,0.2836575433677466,0.264026407189459,-0.0196311361782876,10.585106266331763,10.555004264254459,-0.030102002077304846,15.358447181364868,15.567471468790679,0.20902428742581058,0.8087802167268688,0.8228952486801892,0.014115031953320312,0.40972031985825985,0.4041448044973036,-0.00557551536095624,0.6,0.7,0.09999999999999998,,
23,ridge,119,27,0.4224702238885335,0.44218295344006364,0.01971272955153014,4.950391301118905,4.7759027993471594,-0.17448850177174524,5.839560944591995,5.739035300616907,-0.10052564397508856,0.6306471306471306,0.5989010989010989,-0.031746031746031744,0.7444982004303557,0.7444367875855383,-6.141284481742115e-05,0.7,0.7,0.0,6.158482110660261,12.742749857031322
23,ols,119,27,0.37398134558112794,0.3545050776726433,-0.019476267908484668,5.2134541895841675,5.280416749564466,0.06696255998029876,6.07976289448801,6.173613263451349,0.09385036896333876,0.6501831501831502,0.6202686202686202,-0.02991452991453003,0.7449847178021066,0.7449377689790856,-4.6948823021031316e-05,0.7,0.7,0.0,,
24,ridge,111,35,0.4770439364341402,0.3970603560304746,-0.0799835804036656,7.387476936746874,7.604041802349233,0.21656486560235866,9.880530190505707,10.609247184300667,0.7287169937949596,0.7677871148459383,0.6717086834733894,-0.0960784313725489,0.9735770134384326,0.9201664690736538,-0.05341054436477877,0.6,0.6,0.0,6.158482110660261,12.742749857031322
24,ols,111,35,0.47942940027343683,0.40376507274073714,-0.0756643275326997,7.383514698221589,7.546563116789142,0.16304841856755292,9.857969416438495,10.550094620233745,0.6921252037952499,0.7739495798319328,0.6414565826330533,-0.13249299719887953,0.9735770134384326,0.9162029626112658,-0.057374050827166845,0.6,0.5,-0.09999999999999998,,
25,ridge,124,22,0.4582017359171522,0.4859095320310388,0.02770779611388663,7.377593783465532,7.096504185398562,-0.28108959806696987,9.915022493661816,9.658166207690634,-0.2568562859711818,0.7029926595143988,0.68944099378882,-0.013551665725578865,0.8446770004856929,0.844815499060866,0.00013849857517300723,0.7,0.7,0.0,6.158482110660261,12.742749857031322
25,ols,124,22,0.4471649192902011,0.4716743910365714,0.024509471746370304,7.4520168625000505,7.23543297370412,-0.21658388879593016,10.015501402595612,9.790970235931034,-0.22453116666457795,0.7029926595143988,0.691699604743083,-0.011293054771315814,0.8446770004856929,0.8446402923647646,-3.670812092837483e-05,0.7,0.7,0.0,,
26,ridge,97,49,0.29084976945112073,0.2128172180683967,-0.07803255138272402,10.672601105706875,10.692567438891016,0.01996633318414176,15.617572452367313,16.45440559378627,0.8368331414189569,0.7631632653061223,0.763469387755102,0.000306122448979651,0.4191167514914794,0.40895593000222114,-0.010160821489258287,0.7,0.7,0.0,12.742749857031322,12.742749857031322
26,ols,97,49,0.32536393500528915,0.21581386775808953,-0.10955006724719962,10.411659827177385,10.49439902554297,0.08273919836558541,15.232780436561187,16.423056390890178,1.1902759543289907,0.7614285714285713,0.7429591836734694,-0.018469387755101985,0.4191167514914794,0.40621959120947326,-0.01289716028200616,0.7,0.7,0.0,,
27,ridge,114,32,0.5478261096783636,0.4335152722295539,-0.11431083744880977,7.467403981533285,7.803970584622489,0.33656660308920383,10.308198404938079,11.537829879812765,1.2296314748746866,0.8592375366568914,0.8629032258064515,0.003665689149560114,0.8724550783162396,0.5732237571374856,-0.29923132117875395,0.8,0.8,0.0,6.158482110660261,12.742749857031322
27,ols,114,32,0.558111356756209,0.4457958258640531,-0.11231553089215596,7.435076990038777,7.709880119522368,0.2748031294835913,10.190287765053501,11.412083074592307,1.2217953095388054,0.8621700879765395,0.8607038123167154,-0.0014662756598240456,0.8724550783162396,0.5732212894603458,-0.2992337888558938,0.8,0.8,0.0,,
28,ridge,95,51,0.08353041433195008,0.09058325183133287,0.007052837499382791,12.953913773173703,12.926099109142834,-0.02781466403086874,18.44966609806714,18.37853781869919,-0.07112827936795085,0.8009954751131222,0.7923076923076923,-0.008687782805429922,0.4073688320042207,0.40824389815776235,0.0008750661535416593,0.6,0.6,0.0,6.158482110660261,6.158482110660261
28,ols,95,51,0.11515702750585044,0.1143799350939767,-0.0007770924118737366,12.821866376622777,12.82508071318884,0.0032143365660619594,18.12852982005598,18.136488549313036,0.007958729257055097,0.7924886877828055,0.7973755656108596,0.0048868778280541925,0.4073688320107485,0.40736883208224617,7.149764114089407e-11,0.6,0.6,0.0,,
29,ridge,102,44,0.2225487645197186,0.15387440853768464,-0.06867435598203397,12.092632161441053,12.230689475694108,0.13805731425305545,17.22325540515857,17.967848544017805,0.7445931388592335,0.7592670894996476,0.7610993657505285,0.0018322762508808932,0.3912201860763321,0.3993144305762851,0.008094244499952996,0.7,0.7,0.0,6.158482110660261,12.742749857031322
29,ols,102,44,0.24623351343104838,0.1841600996757392,-0.06207341375530917,11.990230939445855,12.002337671741742,0.012106732295887213,16.95887639870346,17.64335341483271,0.6844770161292502,0.7592670894996476,0.7608174770965468,0.0015503875968991832,0.3912201860763321,0.39859940572570823,0.007379219649376156,0.7,0.7,0.0,,
30,ridge,114,32,0.4278995641913963,0.4245164977893391,-0.003383066402057211,8.10818787879364,8.077299921235218,-0.030887957558421775,10.1557880529847,10.185771478969714,0.029983425985014023,0.6631231671554252,0.6037390029325512,-0.05938416422287396,0.8817836866040429,0.8689578305242872,-0.012825856079755726,0.7,0.7,0.0,6.158482110660261,12.742749857031322
30,ols,114,32,0.42046502708530953,0.427488323754756,0.007023296669446455,8.186674296406801,8.132919193468737,-0.05375510293806407,10.22156310235465,10.159437517469511,-0.06212558488513942,0.6675219941348973,0.6077712609970675,-0.05975073313782986,0.882579825252166,0.8694245285167441,-0.013155296735421929,0.7,0.7,0.0,,
31,ridge,119,27,-0.21669478504285156,-0.347740909741981,-0.13104612469912946,5.354059467369881,5.530581084573957,0.17652161720407644,6.706408080553195,7.0583364942423374,0.3519284136891425,0.23626373626373626,0.17155067155067155,-0.0647130647130647,0.9774463647850591,0.9581666105957021,-0.019279754189357012,0.6,0.5,-0.09999999999999998,6.158482110660261,12.742749857031322
31,ols,119,27,-0.27270110970508554,-0.4485188009090135,-0.17581769120392798,5.512485232949263,5.7790233373636815,0.26653810441441816,6.859024664125855,7.317474562139406,0.4584498980135505,0.23687423687423687,0.17155067155067155,-0.06532356532356531,0.9774463648498256,0.9581666105957021,-0.019279754254123538,0.6,0.5,-0.09999999999999998,,
32,ridge,101,45,0.26350333228669653,0.18972675531965133,-0.0737765769670452,11.062527634770756,11.044453621844191,-0.018074012926565075,15.592102050252171,16.3544154087808,0.7623133585286279,0.7075098814229248,0.6864295125164689,-0.021080368906455926,0.4206937225189099,0.38499482124708717,-0.035698901271822736,0.7,0.7,0.0,6.158482110660261,6.158482110660261
32,ols,101,45,0.2823963485825579,0.20380064508584006,-0.07859570349671785,11.046870707639657,11.027388701937905,-0.01948200570175196,15.39081420215357,16.211760760239518,0.8209465580859483,0.7089591567852437,0.6864295125164689,-0.022529644268774796,0.4206942866107156,0.38499482124708717,-0.035699465363628446,0.7,0.7,0.0,,
33,ridge,102,44,0.2120017746243289,0.17368650115132978,-0.03831527347299912,11.707747473772418,11.695451216009445,-0.012296257762972829,16.62654088411818,17.025963916549436,0.39942303243125465,0.7354474982381959,0.73615221987315,0.0007047216349541641,0.39167742847310405,0.37999504636244125,-0.011682382110662803,0.6,0.6,0.0,6.158482110660261,6.158482110660261
33,ols,102,44,0.23218438587199008,0.1875100634898177,-0.04467432238217239,11.661829046721447,11.646910814580275,-0.014918232141171828,16.412236052290222,16.88294789510162,0.4707118428113972,0.7410852713178294,0.7434813248766737,0.0023960535588443133,0.3916830370995581,0.3801159863487166,-0.011567050750841523,0.6,0.6,0.0,,
34,ridge,122,24,-0.11425311348589706,-0.11346791053237792,0.0007852029535191374,6.439784062384991,6.374700611443688,-0.06508345094130252,8.47362024821551,8.470634084594241,-0.0029861636212693554,0.4756521739130434,0.4260869565217391,-0.04956521739130426,0.9168275573389235,0.9147204463707999,-0.00210711096812366,0.6,0.6,0.0,6.158482110660261,12.742749857031322
34,ols,122,24,-0.1874028933285783,-0.2365439871777375,-0.04914109384915921,6.680953081888302,6.715231818611534,0.03427873672323223,8.74734227010986,8.926513244909447,0.17917097479958777,0.4756521739130434,0.4313043478260869,-0.04434782608695648,0.9168275573389235,0.9147273678942566,-0.0021001894446669445,0.6,0.6,0.0,,
35,ridge,122,24,0.5212046631950129,0.4599378120074391,-0.0612668511875738,5.090079324658665,5.3638223361472095,0.27374301148854485,6.694549192939482,7.109978164969289,0.4154289720298072,0.677391304347826,0.5939130434782608,-0.08347826086956522,0.9667040231107249,0.9642176086367275,-0.0024864144739974448,0.6,0.6,0.0,6.158482110660261,12.742749857031322
35,ols,122,24,0.5156336600490183,0.4493074421190907,-0.06632621792992766,5.119164724162816,5.3515059605970166,0.23234123643420013,6.733383629301968,7.179612167742827,0.4462285384408595,0.6756521739130433,0.5904347826086956,-0.08521739130434769,0.9666983542010984,0.9641892640885951,-0.0025090901125033316,0.6,0.6,0.0,,
36,ridge,104,42,0.3001338130997203,0.14894801586272688,-0.15118579723699344,11.481148174504547,11.816175661025893,0.33502748652134606,16.030484704636876,17.67735129287693,1.646866588240055,0.7923993193420308,0.6885179483024066,-0.10388137103962414,0.4122395162045436,0.37488301988043193,-0.03735649632411164,0.7,0.6,-0.09999999999999998,6.158482110660261,6.158482110660261
36,ols,104,42,0.320542354845738,0.14999863213483955,-0.17054372271089846,11.42076193217883,11.815645301311271,0.39488336913244027,15.795025924271224,17.66643665512211,1.8714107308508847,0.7938578721335388,0.6698808848553603,-0.12397698727817841,0.41224564195514213,0.3662841649494057,-0.04596147700573644,0.7,0.5,-0.19999999999999996,,
37,ridge,118,28,0.11933780516918102,0.16133784231385895,0.042000037144677926,6.035525370333576,6.01419520035666,-0.021330169976915947,8.677778117445458,8.468322488376035,-0.2094556290694225,0.6902025177887248,0.6852764094143404,-0.0049261083743843415,0.49179132434929035,0.4917905650012327,-7.593480576550959e-07,0.7,0.7,0.0,6.158482110660261,6.158482110660261
37,ols,118,28,0.04612774094050265,0.09240671968886383,0.04627897874836118,6.465673114876006,6.415979313100687,-0.04969380177531946,9.031273075719438,8.809464314849627,-0.22180876086981094,0.6945812807881774,0.6852764094143404,-0.009304871373836954,0.4917913679084966,0.4917905650012327,-8.029072638970902e-07,0.7,0.7,0.0,,
38,ridge,121,25,-0.8192065241334128,-0.7079185985409651,0.11128792559244771,7.756720512258357,7.613167281692895,-0.14355323056546254,10.430265654345218,10.106201460528668,-0.32406419381655027,0.29736488336185357,0.33121754796190944,0.03385266460005587,0.8773014420689484,0.8798467681906577,0.0025453261217092127,0.5,0.5,0.0,6.158482110660261,6.158482110660261
38,ols,121,25,-0.9163051304263685,-0.8117696520945215,0.10453547833184706,7.966796227004892,7.855566166615697,-0.11123006038919492,10.705000664760176,10.408924485266269,-0.2960761794939071,0.29736488336185357,0.3435276078164751,0.04616272445462155,0.8773014420689484,0.8799932664336897,0.0026918243647412465,0.5,0.5,0.0,,
39,ridge,122,24,0.08571804349583034,0.16123489240701683,0.07551684891118648,5.3202679008586795,5.061410867781522,-0.2588570330771578,7.681051719473465,7.357000621274696,-0.324051098198769,0.6979778377655258,0.7136334154350329,0.015655577669507093,0.5967822250000956,0.600141080360339,0.0033588553602433846,0.8,0.7,-0.10000000000000009,6.158482110660261,12.742749857031322
39,ols,122,24,0.03499784519315885,0.07319707665063713,0.03819923145747828,5.456072475135183,5.3182250168465135,-0.13784745828866907,7.891230996055206,7.733468348541118,-0.15776264751408764,0.6979778377655258,0.6979778377655258,0.0,0.5967822250000956,0.5965837889747962,-0.00019843602529934223,0.8,0.7,-0.10000000000000009,,
40,ridge,123,23,0.01599659712693946,0.07371522203355185,0.05771862490661239,6.444674567101341,6.464589879009768,0.019915311908427213,8.359032656699222,8.110170516259238,-0.248862140439984,0.8201581027667983,0.7816205533596838,-0.03853754940711451,0.5902266220177417,0.5823663781554603,-0.007860243862281346,0.8,0.8,0.0,6.158482110660261,12.742749857031322
40,ols,123,23,-0.028124347332482813,-0.006251042140503094,0.02187330519197972,6.579279738529986,6.583906878114644,0.004627139584657769,8.544379782468228,8.4530004742831,-0.09137930818512885,0.8270750988142292,0.7875494071146245,-0.03952569169960474,0.5902263908915693,0.5879827205948303,-0.0022436702967389976,0.8,0.8,0.0,,
41,ridge,116,30,0.4416807586185585,0.45962808052994597,0.01794732191138748,5.6371675239992864,5.445905736833045,-0.19126178716624143,8.535791632877208,8.397478367631521,-0.13831326524568688,0.7592880978865406,0.7601779755283649,0.0008898776418242438,0.8599963251776528,0.854380858131628,-0.00561546704602478,0.8,0.8,0.0,6.158482110660261,12.742749857031322
41,ols,116,30,0.4282933120846173,0.437304642056246,0.009011329971628679,5.799398940206864,5.6906706002416225,-0.1087283399652419,8.637521546134817,8.569178185978783,-0.06834336015603348,0.7557285873192436,0.75706340378198,0.0013348164627363657,0.8599964590426342,0.8518580162498905,-0.008138442792743672,0.8,0.8,0.0,,
42,ridge,94,52,0.18940622496210147,0.14956451617503452,-0.03984170878706694,11.59440644951263,11.726627316665578,0.132220867152947,17.029449194157753,17.442938733136003,0.4134895389782507,0.8068557770081934,0.8104416129570156,0.0035858359488221137,0.4010416215343499,0.2707074642166009,-0.130334157317749,0.6,0.6,0.0,12.742749857031322,12.742749857031322
42,ols,94,52,0.2418721275051744,0.17152840119221202,-0.07034372631296237,11.263655938478754,11.510750455452763,0.24709451697400908,16.469112680516364,17.21621911904855,0.7471064385321853,0.8136859407202357,0.7881582038464776,-0.02552773687375809,0.4018272501640017,0.261503462265655,-0.1403237878983467,0.6,0.6,0.0,,
43,ridge,122,24,0.4542647437929299,0.3955969075529723,-0.05866783623995764,5.834215543149502,5.9053045450876445,0.07108900193814272,7.649459739563464,8.050133755083305,0.40067401551984094,0.7027614864978753,0.5957817057562432,-0.10697978074163206,0.9618591794089986,0.9581502640988954,-0.0037089153101032,0.8,0.7,-0.10000000000000009,6.158482110660261,12.742749857031322
43,ols,122,24,0.45030691616407614,0.39849428690250654,-0.0518126292615696,5.926981629463409,5.8982935769865605,-0.02868805247684847,7.6771476612542635,8.030815264067774,0.35366760281351084,0.6966732062930668,0.6027397402760242,-0.09393346601704267,0.9604630366951113,0.9590517787736884,-0.001411257921422937,0.8,0.7,-0.10000000000000009,,
44,ridge,125,21,-0.2244515338320643,-0.18631965398231665,0.03813187984974764,8.181165111802477,8.111329008164187,-0.06983610363828952,11.087384178043678,10.913377025075437,-0.17400715296824032,0.43376623376623374,0.3506493506493506,-0.08311688311688314,0.8745436910211267,0.8667805421059479,-0.007763148915178819,0.6,0.6,0.0,6.158482110660261,6.158482110660261
44,ols,125,21,-0.30066731027453186,-0.2558032587700976,0.04486405150443429,8.486330060619396,8.388933975402963,-0.09739608521643284,11.427241584153704,11.228431636373417,-0.19880994778028693,0.43376623376623374,0.3506493506493506,-0.08311688311688314,0.8745436910211267,0.8667805421059479,-0.007763148915178819,0.6,0.6,0.0,,
45,ridge,107,39,0.4458192076907841,0.38332130657722707,-0.06249790111355702,7.416199993076679,7.545392533367205,0.12919254029052585,10.325267801819354,10.891935522199555,0.5666677203802006,0.6920390716894578,0.6383926320236083,-0.05364643966584948,0.8811550549870596,0.869633471109093,-0.011521583877966646,0.7,0.7,0.0,6.158482110660261,12.742749857031322
45,ols,107,39,0.4532413595668221,0.39976714902555044,-0.05347421054127166,7.3976673184776685,7.407571030165841,0.009903711688172834,10.255891494064956,10.745718771846127,0.4898272777811705,0.6979098141434564,0.631307253199817,-0.06660256094363948,0.8814583625078879,0.8659628506610094,-0.015495511846878474,0.7,0.7,0.0,,
46,ridge,117,29,0.10266512021183183,0.16531666857146787,0.06265154835963604,5.798407375172891,5.333730228625566,-0.4646771465473254,7.430975933894414,7.1668687402312425,-0.2641071936631718,0.7004926108374382,0.6965517241379309,-0.003940886699507318,0.6719424481248827,0.6715400164533312,-0.0004024316715515175,0.8,0.7,-0.10000000000000009,6.158482110660261,12.742749857031322
46,ols,117,29,0.048118316246558934,0.07021112622690051,0.022092809980341577,6.083896829750233,5.83216356224403,-0.25173326750620273,7.653499624343256,7.56416080089477,-0.08933882344848598,0.6935960591133004,0.7044334975369457,0.010837438423645374,0.6653252049266943,0.6715560097442862,0.006230804817591862,0.7,0.7,0.0,,
47,ridge,98,48,0.3666229840080377,0.32036430459587395,-0.04625867941216377,9.87413531050698,9.819066028023284,-0.05506928248369469,14.717189543331552,15.245154276879369,0.527964733547817,0.788862353452019,0.7852800694745984,-0.003582283977420664,0.41608081700887367,0.4051858739936121,-0.01089494301526156,0.6,0.6,0.0,6.158482110660261,6.158482110660261
47,ols,98,48,0.3839439840950267,0.33706731513070365,-0.046876668964323076,9.869619118841536,9.811631171977668,-0.05798794686386799,14.514558658159821,15.056653264795514,0.5420946066356933,0.7924446374294398,0.7862570560138948,-0.006187581415544985,0.42670529994910456,0.4051858739936121,-0.021519425955492444,0.6,0.6,0.0,,
48,ridge,115,31,0.5896393566148346,0.5733613406438578,-0.016278015970976778,4.740967714525157,4.955727993925188,0.21476027940003117,6.88961245373649,7.024930712920857,0.13531825918436713,0.7004032258064516,0.6685483870967742,-0.031854838709677424,0.907583899342454,0.9172832937042457,0.00969939436179168,0.8,0.8,0.0,6.158482110660261,12.742749857031322
48,ols,115,31,0.5721492355756441,0.5422303810417936,-0.02991885453385057,4.981332389069659,5.335394094075762,0.354061705006103,7.03490275207066,7.276715998717103,0.24181324664644333,0.6991935483870969,0.683467741935484,-0.015725806451612923,0.9075389560396179,0.9172785835518293,0.009739627512211468,0.7,0.8,0.10000000000000009,,
49,ridge,113,33,0.5625213190047791,0.47624642728996847,-0.08627489171481062,7.432949292968528,7.602823901296289,0.1698746083277607,9.511206688666427,10.406882991918204,0.8956763032517774,0.8532754010695187,0.7830882352941178,-0.07018716577540096,0.9296900844417353,0.6869345301747082,-0.2427555542670271,0.8,0.7,-0.10000000000000009,6.158482110660261,12.742749857031322
49,ols,113,33,0.5711020519318866,0.4987260226353719,-0.07237602929651465,7.433792298127699,7.525318303805506,0.09152600567780667,9.417468076233641,10.181101151371557,0.7636330751379159,0.8552807486631017,0.7834224598930482,-0.07185828877005351,0.971547712809186,0.6869354788871443,-0.2846122339220416,0.8,0.7,-0.10000000000000009,,
50,ridge,104,42,0.21098431647036398,-0.007967917340043318,-0.2189522338104073,11.538634116728034,12.474696227583562,0.9360621108555289,16.90384463665958,19.105835275598608,2.2019906389390265,0.8359938416659916,0.7123409772303705,-0.12365286443562107,0.38461863669688784,0.23858448261264753,-0.1460341540842403,0.7,0.5,-0.19999999999999996,6.158482110660261,12.742749857031322
50,ols,104,42,0.23717464223264284,0.018106892594310198,-0.21906774963833264,11.376157314259025,12.208606339517411,0.832449025258386,16.620926737497538,18.857094618360797,2.2361678808632597,0.8327526132404182,0.6985657564216838,-0.13418685681873432,0.38461862473253117,0.23376189971493563,-0.15085672501759553,0.7,0.5,-0.19999999999999996,,
51,ridge,124,22,-0.19925459312515148,-0.07569466824146787,0.12355992488368361,7.187658876771831,6.6380540613598535,-0.5496048154119775,10.058680474746014,9.526422205584007,-0.532258269162007,0.6715617325124448,0.68455241362917,0.012990681116725189,0.5022119380936285,0.5022238309134268,1.1892819798298149e-05,0.7,0.7,0.0,6.158482110660261,6.158482110660261
51,ols,124,22,-0.3059246760094869,-0.19149386487675457,0.11443081113273235,7.5389009386640735,7.103532283049881,-0.4353686556141927,10.496496887847538,10.02608131353376,-0.4704155743137779,0.6856820380741026,0.6698672958450459,-0.015814742229056655,0.5022115951321365,0.5020477125002751,-0.00016388263186140062,0.7,0.7,0.0,,
52,ridge,98,48,0.3554092435960917,0.295826990930678,-0.059582252665413726,9.968800977958203,9.95905461836687,-0.00974635959133252,15.03162793623983,15.710994195099685,0.6793662588598544,0.8529092488059054,0.8587711680416847,0.005861919235779389,0.3950468128024716,0.40386318511923724,0.00881637231676563,0.7,0.7,0.0,6.158482110660261,6.158482110660261
52,ols,98,48,0.37526805799860097,0.30881325754406797,-0.066454800454533,9.995698165233206,9.969839740117344,-0.025858425115862005,14.798266243696512,15.565449994778586,0.767183751082074,0.8534520191055145,0.8564915327833261,0.003039513677811634,0.3950468128024716,0.40386318511923724,0.00881637231676563,0.7,0.7,0.0,,
53,ridge,123,23,-0.23543896921189145,-0.10469839365402889,0.13074057555786256,6.4342284081361285,5.81153043877264,-0.6226979693634886,8.72488548471957,8.250322946798772,-0.4745625379207983,0.4930830039525692,0.4031620553359684,-0.08992094861660083,0.4946675256480539,0.5220970022746289,0.027429476626574967,0.6,0.6,0.0,6.158482110660261,12.742749857031322
53,ols,123,23,-0.33229913055468674,-0.25628725183301837,0.07601187872166837,6.743159976134114,6.391328913412776,-0.35183106272133813,9.06045399793936,8.798194606140894,-0.2622593917984659,0.4881422924901186,0.4318181818181818,-0.05632411067193677,0.49470035423274233,0.49460968816668555,-9.066606605678817e-05,0.6,0.6,0.0,,
54,ridge,121,25,0.5062998196519353,0.5224697673087,0.016169947656764716,5.398008013583806,5.185133683289525,-0.21287433029428104,7.054269100487936,6.937784662536126,-0.11648443795180974,0.713076923076923,0.693076923076923,-0.020000000000000018,0.9593300798110757,0.976041116870705,0.016711037059629397,0.8,0.8,0.0,6.158482110660261,12.742749857031322
54,ols,121,25,0.4884024804265117,0.49260040839227026,0.004197927965758574,5.5273175707049225,5.404038646743782,-0.12327892396114049,7.180994513535933,7.151471899488565,-0.029522614047367668,0.713076923076923,0.6892307692307692,-0.02384615384615385,0.9593300798110757,0.9591422624577688,-0.00018781735330686278,0.8,0.8,0.0,,
55,ridge,117,29,0.2517099752403177,0.3344716087233174,0.0827616334829997,6.4362717361034525,5.720544543655537,-0.7157271924479156,8.920752578047717,8.41297909556351,-0.5077734824842057,0.7315270935960589,0.7137931034482757,-0.017733990147783207,0.8877930016369793,0.8839088892832679,-0.003884112353711333,0.7,0.7,0.0,6.158482110660261,12.742749857031322
55,ols,117,29,0.2160027950481549,0.2781628984900817,0.062160103441926795,6.740181908657059,6.363465685943169,-0.37671622271389005,9.131114179488808,8.761654357102932,-0.3694598223858758,0.7315270935960589,0.7216748768472905,-0.009852216748768461,0.8877930016369793,0.8838492366712164,-0.003943764965762875,0.7,0.7,0.0,,
56,ridge,103,43,0.32672267636362784,0.2909463315509013,-0.03577634481272651,11.564942568002532,11.579393609356257,0.014451041353725103,15.527737556410642,15.934951375858441,0.407213819447799,0.708245243128964,0.6902748414376322,-0.017970401691331794,0.4448068079210665,0.4374542813645808,-0.007352526556485717,0.7,0.7,0.0,6.158482110660261,6.158482110660261
56,ols,103,43,0.34088236741907796,0.2952554619000479,-0.04562690551903004,11.582020013991217,11.617909536478724,0.03588952248750665,15.36358803921045,15.886456861643458,0.5228688224330078,0.7065841135608577,0.6819691935971006,-0.024614919963757087,0.4448206441154289,0.44085935814375066,-0.003961285971678219,0.7,0.7,0.0,,
57,ridge,113,33,-0.26990520602982326,-0.23651899443627045,0.03338621159355282,7.146972848600879,7.060710643491739,-0.08626220510913996,9.561530091848104,9.435005124714468,-0.12652496713363526,0.5735294117647058,0.5675133689839573,-0.006016042780748521,0.415475410760014,0.41547532364160417,-8.711840981945329e-08,0.7,0.7,0.0,6.158482110660261,6.158482110660261
57,ols,113,33,-0.37798808793074246,-0.3420212286882345,0.035966859242507976,7.5267410843706255,7.428477952162479,-0.09826313220814686,9.960117825232462,9.82927390166279,-0.13084392356967278,0.5625000000000001,0.5681818181818181,0.00568181818181801,0.41547529958277535,0.415475410760014,1.111772386375165e-07,0.7,0.7,0.0,,
58,ridge,118,28,-0.3818185189582186,-0.26998345326918827,0.11183506568903034,6.4347088910911046,6.002103764622532,-0.4326051264685722,8.753121892919115,8.391440185143665,-0.3616817077754497,0.08374384236453201,0.15161466885604818,0.06787082649151617,0.42433314731270716,0.46247289868382,0.03813975137111286,0.4,0.4,0.0,6.158482110660261,12.742749857031322
58,ols,118,28,-0.44868702337022937,-0.3805599656595726,0.06812705771065675,6.736282909284982,6.549709942836259,-0.1865729664487228,8.962408955814347,8.74913483535172,-0.21327412046262673,0.07389162561576354,0.14833059660645867,0.07443897099069513,0.42433289006034314,0.46246948592465764,0.038136595864314504,0.4,0.4,0.0,,
59,ridge,95,51,0.24108159120312944,0.22082888342977192,-0.020252707773357526,11.455699136835662,11.527337372196879,0.07163823536121683,16.06676834109441,16.27973797888255,0.2129696377881416,0.7721266968325792,0.7665158371040723,-0.005610859728506834,0.39824035092070587,0.39825067211201554,1.032119130967013e-05,0.6,0.6,0.0,6.158482110660261,12.742749857031322
59,ols,95,51,0.26739901603269045,0.2543057436494127,-0.013093272383277732,11.399723194745118,11.398423543298128,-0.0012996514469900688,15.785732420623406,15.926171463972455,0.14043904334904944,0.7728506787330316,0.7704072398190044,-0.0024434389140272073,0.40601769239857666,0.32761920505314435,-0.07839848734543231,0.6,0.6,0.0,,
60,ridge,114,32,0.5602669402309535,0.58796520752647,0.0276982672955165,4.866947559200225,4.531181368323496,-0.3357661908767291,6.8426261224482,6.623616769189796,-0.21900935325840454,0.6458944281524925,0.628299120234604,-0.017595307917888547,0.893205400970255,0.9025321973987163,0.009326796428461237,0.8,0.8,0.0,6.158482110660261,12.742749857031322
60,ols,114,32,0.5301408980588973,0.545743879439957,0.015602981381059644,5.159560688803445,4.85401646888474,-0.30554421991870573,7.073137069157919,6.954703924727621,-0.1184331444302984,0.6455278592375365,0.6257331378299119,-0.019794721407624616,0.8917982657707366,0.9024594003010141,0.010661134530277505,0.8,0.8,0.0,,
61,ridge,92,54,0.26784691386003945,0.2421714684421542,-0.025675445417885245,10.946720591130484,10.956625876222475,0.009905285091990734,15.567765056632407,15.838381371323148,0.27061631469074143,0.7540689918048407,0.7440823327615779,-0.009986659043262791,0.4032538849854324,0.27000768868828684,-0.13324619629714557,0.6,0.5,-0.09999999999999998,6.158482110660261,6.158482110660261
61,ols,92,54,0.293266822941488,0.2552401888748712,-0.03802663406661677,10.873550159587667,10.89991294609729,0.026362786509622538,15.295126027319476,15.701221367373922,0.4060953400544456,0.759024204307223,0.7339432056413188,-0.025080998665904186,0.41383972699771754,0.2698524738724727,-0.14398725312524485,0.6,0.6,0.0,,
62,ridge,112,34,0.4159229328869438,0.39398443491130275,-0.02193849797564107,6.483986887878266,6.301995459527298,-0.18199142835096804,9.290223968370222,9.463090558756308,0.17286659038608576,0.6724216959511078,0.6452253628724216,-0.027196333078686186,0.879258493183469,0.8788570614086223,-0.00040143177484674997,0.8,0.9,0.09999999999999998,6.158482110660261,12.742749857031322
62,ols,112,34,0.39667272043861246,0.36970837057596007,-0.026964349862652393,6.732262967262306,6.739350135100879,0.007087167838572661,9.442078091414055,9.650768022074772,0.20868993066071617,0.6724216959511078,0.6446142093200917,-0.027807486631016065,0.879258493183469,0.8800290649174117,0.0007705717339426821,0.8,0.9,0.09999999999999998,,
63,ridge,122,24,-0.04650475263362197,-0.07199926105243026,-0.025494508418808293,8.442261457928256,8.452985225366179,0.01072376743792347,11.462413324466525,11.601194423846957,0.1387810993804326,0.4756521739130434,0.46086956521739125,-0.014782608695652122,0.4870932557587752,0.4762893672678324,-0.010803888490942826,0.7,0.7,0.0,6.158482110660261,6.158482110660261
63,ols,122,24,-0.08218371381847289,-0.10374686735927274,-0.02156315354079985,8.566685752043755,8.568038627121494,0.0013528750777389575,11.656172315551736,11.771727607591007,0.1155552920392715,0.477391304347826,0.4721739130434783,-0.005217391304347729,0.5039788873220074,0.4931970744154105,-0.010781812906596855,0.7,0.7,0.0,,
64,ridge,106,40,0.27269240458142563,0.19648353182474199,-0.07620887275668364,11.998723177155838,12.187219578149024,0.188496400993186,17.31581923100451,18.200418442364484,0.8845992113599728,0.8559099437148219,0.8472795497185742,-0.008630393996247654,0.4074249184495968,0.40453370945212,-0.0028912089974767463,0.7,0.7,0.0,6.158482110660261,12.742749857031322
64,ols,106,40,0.2947544840669071,0.2132755919320557,-0.08147889213485138,11.903235989407749,11.936039065414581,0.0328030760068323,17.051168596532023,18.009236195566285,0.958067599034262,0.8559099437148219,0.851219512195122,-0.004690431519699834,0.4074249184495968,0.40449775407892247,-0.0029271643706743067,0.7,0.7,0.0,,
65,ridge,122,24,-0.7372185319277207,-0.43053330456184535,0.30668522736587533,7.011795411687146,6.152872378294702,-0.8589230333924442,9.101049881654037,8.258729740945574,-0.8423201407084626,0.5696890763070647,0.5640356732597427,-0.005653403047321981,0.6237030804838728,0.6874907287676679,0.06378764828379513,0.8,0.7,-0.10000000000000009,2.976351441631316,6.158482110660261
65,ols,122,24,-0.8712766576192459,-0.6623380952452389,0.208938562374007,7.2703017606299625,6.7113583484602515,-0.558943412169711,9.44568085918239,8.902745257383721,-0.5429356017986695,0.5740378478819278,0.5666449362046605,-0.0073929116772673,0.6233756953260241,0.6237085827293968,0.00033288740337267253,0.8,0.7,-0.10000000000000009,,
66,ridge,98,48,0.3825543893633726,0.3568988314684204,-0.02565555789495222,10.529410460254995,10.538076302883574,0.008665842628579057,14.604741291947883,14.905074937053437,0.30033364510555316,0.7327399044724273,0.7133087277464176,-0.01943117672600969,0.43197703692503225,0.41675228272852455,-0.015224754196507706,0.7,0.7,0.0,6.158482110660261,6.158482110660261
66,ols,98,48,0.39059117777387264,0.3603666515659577,-0.030224526207914937,10.651838585453296,10.660883060583469,0.009044475130172813,14.509380936198468,14.864834000296336,0.35545306409786726,0.7313287016934433,0.7096178897090751,-0.021710811984368195,0.43197703692503225,0.41457908202271926,-0.017397954902312995,0.7,0.7,0.0,,
67,ridge,127,19,0.13408597145159196,0.20663641922471243,0.07255044777312047,8.019488396599304,7.542701359451097,-0.47678703714820614,10.689852903552366,10.232234191702295,-0.4576187118500705,0.48245614035087714,0.4526315789473684,-0.029824561403508754,0.8982052128337069,0.8971969880080375,-0.0010082248256694237,0.7,0.8,0.10000000000000009,6.158482110660261,6.158482110660261
67,ols,127,19,0.09123276084643195,0.15762332575373572,0.06639056490730377,8.229717282125229,7.782499886003863,-0.44721739612136613,10.951173828375918,10.543565676994092,-0.40760815138182593,0.5017543859649122,0.46491228070175433,-0.03684210526315784,0.8983078919848834,0.8972138337860212,-0.0010940581988622133,0.8,0.8,0.0,,
68,ridge,121,25,0.3615934677896584,0.30182111832503977,-0.059772349464618624,6.6800919985529115,6.898268973295674,0.21817697474276265,8.553680738787024,8.94515209934294,0.391471360555915,0.39615384615384613,0.32076923076923075,-0.07538461538461538,0.8965429523498791,0.8903880998684199,-0.006154852481459194,0.6,0.6,0.0,6.158482110660261,12.742749857031322
68,ols,121,25,0.34596564339468616,0.2844806830483906,-0.06148496034629558,6.840471363109398,7.130798782643635,0.29032741953423713,8.657742337356638,9.055554670635544,0.39781233327890675,0.40307692307692305,0.32076923076923075,-0.0823076923076923,0.8965435902861485,0.8903880998684199,-0.00615549041772856,0.6,0.6,0.0,,
69,ridge,124,22,0.2770300121388318,0.18792394857740924,-0.08910606356142259,5.611669618362236,6.095985309634483,0.48431569127224705,8.624694889561168,9.140752654399458,0.5160577648382905,0.5787690570299266,0.48390739695087526,-0.09486166007905139,0.7414882579784012,0.5792566046499718,-0.16223165332842948,0.7,0.6,-0.09999999999999998,6.158482110660261,12.742749857031322
69,ols,124,22,0.2687730301526903,0.16989461597685673,-0.09887841417583354,5.709361735408598,6.351468051773989,0.6421063163653908,8.673806036795387,9.24166498422954,0.5678589474341535,0.5765104460756635,0.5042348955392434,-0.0722755505364201,0.6515974907519074,0.579293145195754,-0.0723043455561534,0.7,0.6,-0.09999999999999998,,
70,ridge,96,50,0.3383027579576229,0.2773642900788953,-0.06093846787872759,10.572304765101487,10.666372232103797,0.09406746700230961,14.816367837539428,15.48359484308665,0.6672270055472218,0.8044657863145258,0.7568307322929172,-0.047635054021608614,0.4046416016062945,0.3679919895040349,-0.03664961210225959,0.6,0.5,-0.09999999999999998,6.158482110660261,6.158482110660261
70,ols,96,50,0.35296461818286085,0.2820861477963137,-0.07087847038654715,10.46304560444384,10.554930107661619,0.09188450321777886,14.65129807905047,15.43292536059389,0.78162728154342,0.8021608643457383,0.7504921968787513,-0.05166866746698695,0.4046404889442048,0.36741461600800374,-0.037225872936201054,0.6,0.5,-0.09999999999999998,,
71,ridge,121,25,-0.03960227100082836,-0.008199836649969816,0.031402434350858544,10.286510167325586,9.960863206693364,-0.32564696063222165,12.78646395301101,12.591867938461272,-0.19459601454973807,0.31153846153846154,0.28615384615384615,-0.025384615384615394,0.8817802754871011,0.8765843769667978,-0.0051958985203033325,0.6,0.6,0.0,2.976351441631316,6.158482110660261
71,ols,121,25,-0.07381046274857428,-0.0646778111300752,0.009132651618499077,10.507118098522323,10.337096213006173,-0.1700218855161495,12.995131078408708,12.939751927140218,-0.05537915126848958,0.30999999999999994,0.2953846153846154,-0.01461538461538453,0.8817802357224743,0.8765846196263976,-0.005195616096076772,0.6,0.6,0.0,,
72,ridge,103,43,0.2861207147952546,0.2233178687429952,-0.06280284605225939,11.668624844884446,11.724712133399855,0.05608728851540867,16.146183333854083,16.841437045234724,0.6952537113806407,0.7456961643008155,0.755209906372697,0.009513742071881492,0.42803206932956095,0.42905492262258554,0.0010228532930245948,0.7,0.7,0.0,6.158482110660261,6.158482110660261
72,ols,103,43,0.3048954724146651,0.2341642114782031,-0.07073126093646198,11.6787709885267,11.74847638618548,0.06970539765877959,15.932449405356435,16.723428518000368,0.7909791126439334,0.7392026578073089,0.7372395046813651,-0.0019631531259437507,0.42803206932956095,0.4290492833101409,0.0010172139805799674,0.7,0.7,0.0,,
73,ridge,117,29,0.39169082996051763,0.3318942439689535,-0.05979658599156412,7.383121678308505,7.671371765604336,0.2882500872958307,9.962167311614193,10.440330725734,0.47816341411980723,0.6620689655172413,0.6344827586206895,-0.02758620689655178,0.6296704724384204,0.6212999270573271,-0.008370545381093386,0.7,0.7,0.0,6.158482110660261,12.742749857031322
73,ols,117,29,0.3894232086486401,0.3238377669402933,-0.06558544170834679,7.382628473923296,7.673998078679004,0.29136960475570817,9.980718247828815,10.503090423921293,0.5223721760924782,0.6812807881773397,0.63743842364532,-0.04384236453201973,0.6412819028717703,0.6205091233694034,-0.02077277950236689,0.7,0.7,0.0,,
74,ridge,119,27,0.2400063250441865,0.28371615498476543,0.043709829940578926,6.4748841994833315,6.075410970907722,-0.3994732285756095,7.828557176272007,7.60010018112344,-0.22845699514856666,0.17643467643467645,0.12942612942612944,-0.04700854700854701,0.9516423049544884,0.9454211605007764,-0.006221144453712024,0.6,0.5,-0.09999999999999998,6.158482110660261,12.742749857031322
74,ols,119,27,0.18188783504009787,0.20063920705709748,0.018751372016999612,6.762570383609112,6.587988201534074,-0.17458218207503773,8.122377387461041,8.028754167586968,-0.09362321987407363,0.16971916971916973,0.13064713064713065,-0.03907203907203907,0.9515973668371892,0.9454266817533079,-0.0061706850838813,0.5,0.5,0.0,,
75,ridge,119,27,-2.4635585211490754,-2.169144073392173,0.2944144477569024,7.814441600140969,7.306859863932457,-0.507581736208512,10.116411505366104,9.67689911613278,-0.4395123892333235,0.221001221001221,0.27289377289377287,0.051892551892551875,0.4334485469010662,0.4357585812286815,0.0023100343276152846,0.5,0.6,0.09999999999999998,6.158482110660261,12.742749857031322
75,ols,119,27,-2.7212869249949194,-2.6305284799525164,0.09075844504240305,8.173716071150963,8.017023551309531,-0.15669251984143173,10.486047009649331,10.357385617171788,-0.12866139247754305,0.221001221001221,0.28083028083028083,0.05982905982905984,0.4334485469010662,0.4379563975612488,0.004507850660182611,0.5,0.6,0.09999999999999998,,
76,ridge,120,26,-2.635748341266205,-2.6285240043516507,0.0072243369145543745,6.94452377471804,6.902773200978758,-0.04175057373928226,9.493873465250843,9.484436474699521,-0.009436990551321855,0.4297435897435897,0.3654700854700854,-0.06427350427350431,0.45345900112918225,0.42993403870614105,-0.023524962423041196,0.5,0.5,0.0,6.158482110660261,12.742749857031322
76,ols,120,26,-2.8357664723766094,-2.9861190239350575,-0.15035255155844807,7.138121123862765,7.228410888266094,0.09028976440332848,9.751526631925996,9.94080747891283,0.18928084698683456,0.4215384615384615,0.3531623931623932,-0.0683760683760683,0.4534487766725614,0.42055804512972794,-0.03289073154283345,0.5,0.5,0.0,,
77,ridge,116,30,-0.39274361927806956,-0.34063580032489127,0.052107818953178286,6.337648953667795,6.186063711887955,-0.15158524177984045,9.314529958422751,9.138622998027596,-0.17590696039515485,0.34638487208008895,0.33748609566184645,-0.008898776418242493,0.4367058258880445,0.41615667062282335,-0.020549155265221164,0.5,0.5,0.0,6.158482110660261,12.742749857031322
77,ols,116,30,-0.4612969378301859,-0.4388774252069294,0.022419512623256477,6.647212287640847,6.626670511518969,-0.020541776121877575,9.541015299236975,9.467542309190558,-0.07347299004641705,0.33170189098998887,0.31167964404894327,-0.020022246941045596,0.43221995125920737,0.4305834546930213,-0.0016364965661860853,0.5,0.4,-0.09999999999999998,,
78,ridge,107,39,0.5791161101386391,0.4295319568696969,-0.14958415326894214,6.549893129779653,7.400343491715018,0.8504503619353656,9.109391105911723,10.605321965577444,1.4959308596657213,0.8459514170040486,0.7295546558704454,-0.1163967611336032,0.9758488795369749,0.9624306293113505,-0.013418250225624373,0.8,0.7,-0.10000000000000009,6.158482110660261,12.742749857031322
78,ols,107,39,0.5905262798674185,0.4234721736489109,-0.16705410621850758,6.520601102216092,7.398729357064892,0.8781282548488001,8.985064816985153,10.661500560905068,1.6764357439199156,0.8497975708502026,0.70668016194332,-0.14311740890688263,0.9722653209736175,0.9594951640295218,-0.012770156944095667,0.8,0.8,0.0,,
79,ridge,123,23,-1.6492824849757528,-1.4804741545591584,0.16880833041659438,7.662634769069927,7.303305117227368,-0.3593296518425584,10.079317892294206,9.752913258198834,-0.3264046340953719,0.23616600790513834,0.2381422924901186,0.0019762845849802535,0.49518131833734974,0.4883679250714862,-0.006813393265863554,0.4,0.5,0.09999999999999998,6.158482110660261,6.158482110660261
79,ols,123,23,-1.8199720138203332,-1.6579828103835124,0.16198920343682088,7.964809174436883,7.641512155977047,-0.3232970184598365,10.39894802745945,10.095854722004338,-0.30309330545511237,0.23616600790513834,0.21936758893280633,-0.016798418972332002,0.49518131833734974,0.48800523039569754,-0.007176087941652198,0.4,0.5,0.09999999999999998,,
80,ridge,95,51,0.36771098529104496,0.31976510861266416,-0.047945876678380794,10.328355397218948,10.28899399474295,-0.039361402475996954,15.000206818353455,15.558541442515109,0.5583346241616542,0.7950226244343891,0.7965610859728506,0.0015384615384614886,0.41980021707540055,0.4129447394824138,-0.0068554775929867695,0.7,0.7,0.0,6.158482110660261,6.158482110660261
80,ols,95,51,0.3838763228981614,0.3242244541299465,-0.05965186876821493,10.295619586945374,10.243303466676943,-0.05231612026843102,14.80721485459101,15.507459826825256,0.7002449722342465,0.7929411764705883,0.7905882352941176,-0.0023529411764706687,0.41806292751441476,0.4073161987801977,-0.01074672873421706,0.7,0.7,0.0,,
81,ridge,105,41,0.2638120426055962,0.19927580889928742,-0.06453623370630879,12.560444057134516,12.573656611951087,0.013212554816570687,16.284904481688766,16.983701014839617,0.6987965331508512,0.6613240418118468,0.588850174216028,-0.07247386759581875,0.40075586494692833,0.36363914634771766,-0.037116718599210674,0.6,0.6,0.0,2.976351441631316,2.976351441631316
81,ols,105,41,0.26775985988443096,0.19998072485637364,-0.06777913502805732,12.61983123780523,12.620629036052481,0.0007977982472517908,16.241181783377844,16.976223585002398,0.7350418016245541,0.6634146341463416,0.588850174216028,-0.07456445993031358,0.4024927833715059,0.36363914634771766,-0.038853637023788246,0.6,0.6,0.0,,
82,ridge,105,41,0.5092990270364568,0.47708565222779953,-0.03221337480865727,6.879857909195326,6.810680853366799,-0.06917705582852651,9.490961575058469,9.79753976189422,0.30657818683575044,0.7837979094076657,0.7822299651567945,-0.001567944250871145,0.9541131985458355,0.92474519759792,-0.029368000947915585,0.6,0.6,0.0,6.158482110660261,12.742749857031322
82,ols,105,41,0.5128442917695457,0.49747983110360827,-0.01536446066593744,6.876508609480528,6.629953530714051,-0.24655507876647675,9.456613805690814,9.604582782464908,0.14796897677409326,0.784494773519164,0.7827526132404182,-0.0017421602787457413,0.9541324599612547,0.9247807372029125,-0.02935172275834219,0.7,0.6,-0.09999999999999998,,
83,ridge,116,30,-0.2749019076865258,-0.2584204293513772,0.01648147833514857,9.294414743443316,8.928351238695708,-0.36606350474760774,10.860830406490873,10.790399563851464,-0.07043084263940891,0.5897664071190212,0.5359288097886541,-0.05383759733036708,0.9252473654149885,0.6290797336285922,-0.2961676317863964,0.7,0.7,0.0,6.158482110660261,6.158482110660261
83,ols,116,30,-0.34406245205283903,-0.32600241931819807,0.018060032734640963,9.596473315884122,9.251412074101173,-0.3450612417829486,11.151527791497072,11.076353428074569,-0.07517436342250328,0.6013348164627365,0.546607341490545,-0.05472747497219144,0.9256224949068202,0.6302031936596023,-0.29541930124721794,0.7,0.7,0.0,,
84,ridge,116,30,0.4719153392405796,0.49978278933714537,0.02786745009656577,5.649444143362643,5.172019413135411,-0.47742473022723164,7.274086632407469,7.079555777687562,-0.19453085471990672,0.696106785317019,0.6823136818687431,-0.01379310344827589,0.9061051604518681,0.9199836545733016,0.013878494121433493,0.9,0.9,0.0,6.158482110660261,12.742749857031322
84,ols,116,30,0.43596126508173516,0.4552311581380073,0.019269893056272136,5.899538216922619,5.551665444039446,-0.3478727728831732,7.517633646712589,7.3881009805156985,-0.12953266619689074,0.6934371523915461,0.6720800889877642,-0.021357063403781962,0.9061018202241,0.9134673893121972,0.007365569088097157,0.9,0.8,-0.09999999999999998,,
85,ridge,93,53,0.16464606948323246,0.1273074907565227,-0.03733857872670976,11.757950670809782,11.868651429807196,0.11070075899741383,16.82823302621406,17.200215220328456,0.3719821941143948,0.7943880019351718,0.7916465086276406,-0.002741493307531151,0.41820751021302377,0.4159917563816029,-0.0022157538314208636,0.6,0.6,0.0,6.158482110660261,12.742749857031322
85,ols,93,53,0.19289346592778855,0.16614978160312555,-0.02674368432466301,11.675815252518644,11.664554321463962,-0.011260931054682288,16.54126383034367,16.813080038342406,0.27181620799873585,0.7945492662473793,0.7972101273988066,0.002660861151427274,0.4182078298051226,0.41228634006016396,-0.005921489744958652,0.6,0.7,0.09999999999999998,,
86,ridge,119,27,-0.10764950850509658,0.03874990714963367,0.14639941565473025,6.526114569994299,5.936985435154474,-0.5891291348398244,8.454924011802218,7.876381194008797,-0.5785428177934211,0.6385836385836385,0.5976800976800977,-0.04090354090354087,0.6206576419921968,0.6197779210443175,-0.0008797209478792478,0.7,0.7,0.0,6.158482110660261,12.742749857031322
86,ols,119,27,-0.20041705202821003,-0.1252761864981935,0.07514086553001653,6.778774166088905,6.447327201167204,-0.33144696492170045,8.801863053647462,8.521932566301393,-0.2799304873460695,0.6391941391941393,0.5964590964590964,-0.042735042735042805,0.6348902755111812,0.6340492056901003,-0.0008410698210808976,0.7,0.7,0.0,,
87,ridge,105,41,0.2930856617769352,0.19762230094702204,-0.09546336082991314,11.961571370147071,12.137704594632313,0.17613322448524116,16.576563614373004,17.660399928959365,1.0838363145863603,0.776480836236934,0.7259581881533103,-0.05052264808362372,0.4317960788719786,0.4012647349447552,-0.030531343927223398,0.6,0.6,0.0,6.158482110660261,6.158482110660261
87,ols,105,41,0.31109967221609636,0.20416199666819312,-0.10693767554790323,11.958958094902458,12.150394852430802,0.19143675752834355,16.363993754868257,17.588283059538572,1.2242893046703145,0.7721254355400698,0.7162020905923346,-0.05592334494773521,0.42018980736631817,0.4012530107198504,-0.018936796646467746,0.6,0.6,0.0,,
88,ridge,125,21,-0.6635948714553612,-0.6224095737651065,0.041185297690254696,9.325494934284361,9.394278698675853,0.06878376439149214,12.03761374846721,11.887673479943004,-0.1499402685242064,0.3818181818181818,0.3974025974025974,0.015584415584415645,0.8908734994898521,0.8909579519422117,8.445245235966237e-05,0.4,0.5,0.09999999999999998,6.158482110660261,6.158482110660261
88,ols,125,21,-0.7458366187080947,-0.7026322713396487,0.04320434736844603,9.51034208268188,9.549702955590758,0.03936087290887791,12.331571257498233,12.178030232912542,-0.15354102458569052,0.3844155844155844,0.40129870129870127,0.01688311688311689,0.8909066291693317,0.8909579868977666,5.135772843489761e-05,0.4,0.5,0.09999999999999998,,
89,ridge,116,30,-0.17362783169232077,-0.22839349399465836,-0.05476566230233759,5.786677424395853,5.917115257434988,0.13043783303913514,7.521585630162896,7.695076788463441,0.1734911583005445,0.3913236929922136,0.39265850945494996,0.0013348164627363657,0.6235653769119672,0.6345052741847648,0.010939897272797539,0.6,0.7,0.09999999999999998,6.158482110660261,12.742749857031322
89,ols,116,30,-0.20414155578220017,-0.2739739413013318,-0.06983238551913162,5.904334334155378,6.020255035076224,0.11592070092084672,7.618736903303866,7.836542198611289,0.2178052953074232,0.3890989988876529,0.38331479421579534,-0.005784204671857585,0.6291059717954658,0.6344807232544939,0.005374751459028104,0.6,0.7,0.09999999999999998,,
90,ridge,120,26,-0.42923058922955537,-0.5731697025492124,-0.14393911331965703,7.661718872665744,8.189608563946448,0.5278896912807047,9.702894137042426,10.179769130293701,0.47687499325127547,0.2916239316239316,0.2492307692307692,-0.042393162393162376,0.5376358363824748,0.5339176103631864,-0.0037182260192883954,0.5,0.5,0.0,6.158482110660261,12.742749857031322
90,ols,120,26,-0.49526833495970424,-0.6787233418861411,-0.1834550069264369,7.85832110554122,8.446358457509051,0.5880373519678308,9.924524540259702,10.515736769802482,0.59121222954278,0.30529914529914526,0.26495726495726496,-0.0403418803418803,0.5376289816491168,0.5339477012639496,-0.0036812803851671294,0.5,0.5,0.0,,
91,ridge,126,20,-0.1368289327983978,-0.08835046246062195,0.04847847033777586,8.896685743631924,8.704000764128093,-0.1926849795038308,12.199532214255049,11.936582450004995,-0.26294976425005423,0.45112781954887216,0.43458646616541347,-0.01654135338345869,0.5262932166931384,0.5262910035337341,-2.2131594042962277e-06,0.7,0.7,0.0,2.976351441631316,6.158482110660261
91,ols,126,20,-0.17505431704452756,-0.15352239248122324,0.021531924563304328,9.048651786123806,8.962769981201696,-0.08588180492210995,12.402938502279861,12.28877616855447,-0.11416233372539075,0.45112781954887216,0.43458646616541347,-0.01654135338345869,0.5262932166931384,0.5262910035337341,-2.2131594042962277e-06,0.7,0.7,0.0,,
92,ridge,124,22,0.41327187805499666,0.47210858570570635,0.058836707650709696,6.300346099185275,6.05133837574105,-0.24900772344422517,8.360880978612528,7.930597123117485,-0.430283855495043,0.7052512704686619,0.707509881422925,0.0022586109542631627,0.9219611318171935,0.9219716736536749,1.0541836481414713e-05,0.7,0.7,0.0,6.158482110660261,12.742749857031322
92,ols,124,22,0.3895009237213354,0.42728876511588465,0.03778784139454927,6.4224690940512605,6.313115898518145,-0.10935319553311551,8.528567565707293,8.260406888822615,-0.26816067688467804,0.6950875211744778,0.6928289102202146,-0.0022586109542631627,0.921948315925603,0.9219474697426867,-8.461829162920154e-07,0.6,0.6,0.0,,
93,ridge,103,43,0.3218371792548802,0.23634484228466723,-0.08549233697021297,10.845904881751563,10.892557192392776,0.046652310641212225,15.723252754351428,16.684917063582684,0.9616643092312565,0.7896405919661733,0.7485653881002718,-0.041075203865901466,0.39889844050531253,0.38521530602697246,-0.013683134478340075,0.7,0.6,-0.09999999999999998,6.158482110660261,6.158482110660261
93,ols,103,43,0.34065472219616977,0.24045948352465296,-0.1001952386715168,10.796963050575783,10.86268601483346,0.06572296425767732,15.503575110629049,16.63990645016822,1.1363313395391703,0.7885835095137421,0.746602234974328,-0.04198127453941414,0.3986815616088154,0.38144485809989,-0.01723670350892542,0.7,0.6,-0.09999999999999998,,
94,ridge,107,39,0.4550499816882896,0.41401138364418655,-0.041038598044103036,7.164956716672595,7.155105696934261,-0.00985101973833391,9.443804796841672,9.792943650719554,0.3491388538778821,0.657085020242915,0.6453441295546559,-0.01174089068825912,0.907370970566666,0.8771337768243609,-0.030237193742305157,0.8,0.8,0.0,6.158482110660261,12.742749857031322
94,ols,107,39,0.43291163003380595,0.38361815928778087,-0.04929347074602508,7.40830458793948,7.540820790463822,0.13251620252434115,9.633720369904376,10.043696566227139,0.40997619632276283,0.6574898785425102,0.645748987854251,-0.01174089068825912,0.907370970566666,0.8771337768243609,-0.030237193742305157,0.8,0.8,0.0,,
95,ridge,92,54,0.30816174416039055,0.32120523587397576,0.013043491713585209,11.108675264659306,11.132667372595952,0.02399210793664608,15.460993850884165,15.314554326029493,-0.1464395248546726,0.7477415666094911,0.7558223746902991,0.008080808080808022,0.4092604695877422,0.41396523455766315,0.004704764969920949,0.6,0.6,0.0,6.158482110660261,6.158482110660261
95,ols,92,54,0.33076981145730844,0.3384176307883897,0.007647819331081274,11.054357559989738,11.069655664111101,0.015298104121363565,15.206276483455095,15.119139787055701,-0.08713669639939425,0.7546788641128263,0.7571183533447683,0.002439489231942038,0.41090511332310853,0.4113749818758702,0.0004698685527616542,0.6,0.6,0.0,,
96,ridge,118,28,-42.01854623856272,-40.76762549533053,1.250920743232193,7.948170438296692,7.925925656889196,-0.02224478140749575,10.567378943774326,10.412602979813922,-0.15477596396040383,0.29885057471264365,0.30706075533661736,0.008210180623973717,0.585962659900847,0.5847493117228978,-0.0012133481779491584,0.5,0.5,0.0,6.158482110660261,6.158482110660261
96,ols,118,28,-45.29886574944239,-43.845102822546934,1.4537629268954575,8.318978035723378,8.31994461370269,0.0009665779793124329,10.962878282419368,10.789390916472918,-0.17348736594644976,0.29994526546250677,0.30815544608648054,0.008210180623973773,0.5860986709001941,0.5848707468029248,-0.0012279240972692396,0.5,0.5,0.0,,
97,ridge,101,45,0.31101782737101913,0.2660055651666636,-0.0450122622043555,11.385769037217493,11.462756790782095,0.07698775356460175,15.98601864628661,16.499952971971073,0.5139343256844633,0.7815546772068509,0.784189723320158,0.0026350461133071157,0.43164030427851907,0.411370713026007,-0.020269591252512098,0.6,0.6,0.0,6.158482110660261,12.742749857031322
97,ols,101,45,0.32861876589718075,0.2643924606924317,-0.06422630520474903,11.33448380615512,11.430176848943868,0.09569304278874746,15.780505897116269,16.51807404968426,0.7375681525679898,0.7802371541501976,0.7376811594202898,-0.04255599472990779,0.4316784164913816,0.4076568572547954,-0.02402155923658622,0.6,0.6,0.0,,
98,ridge,103,43,0.3271496565988966,0.2813933023763441,-0.04575635422255253,11.070169599581833,11.116464073089233,0.046294473507400014,15.28120429916405,15.792248640066246,0.5110443409021954,0.7213832678948958,0.7000906070673513,-0.02129266082754455,0.42455576666087896,0.39899302509632856,-0.025562741564550406,0.7,0.7,0.0,6.158482110660261,6.158482110660261
98,ols,103,43,0.3397911856444715,0.28826856812218726,-0.051522617522284264,11.152131029553276,11.2173029571669,0.06517192761362445,15.13697180204999,15.716520946355054,0.579549144305064,0.7215342796738146,0.6880096647538507,-0.033524614919963835,0.42455576666088846,0.39048365433276644,-0.03407211232812202,0.7,0.6,-0.09999999999999998,,
99,ridge,120,26,-0.28461684460781456,-0.2989590667984754,-0.014342222190660836,9.270130821099032,9.213565451294224,-0.056565369804808086,11.906773526470715,11.973056166063722,0.06628263959300718,0.4776068376068376,0.44,-0.037606837606837584,0.4237450330674609,0.40731960426663383,-0.01642542880082709,0.6,0.6,0.0,6.158482110660261,12.742749857031322
99,ols,120,26,-0.31669956612390315,-0.3645825495097679,-0.04788298338586472,9.358906507410783,9.442453670058434,0.08354716264765116,12.05453974460345,12.271769618505603,0.21722987390215387,0.4878632478632478,0.44957264957264953,-0.03829059829059828,0.4237619751074424,0.4215519357732216,-0.0022100393342208147,0.6,0.6,0.0,,
